timestamp,distance
44623,1.1746726664586844
44633,1.174490547926008
44643,1.1732497987756287
44653,1.1730969512471572
44664,1.1722968060975836
44673,1.172333423602014
44683,1.1721536962872168
44693,1.1719764679260565
44705,1.1712159255425993
44713,1.1710153075217489
44723,1.1702795941851545
44733,1.1689807697467032
44744,1.1680922382005539
44753,1.1675581163787052
44763,1.1669647548059654
44773,1.166475164454068
44783,1.1659609006112055
44793,1.1656556698341238
44803,1.1653396255461945
44813,1.1650033456882132
44823,1.1645429773823819
44833,1.1793987789926679
44843,1.1792271729750574
44853,1.1790932024210918
44863,1.1786988864591086
44873,1.178513916801105
44883,1.1780510882804662
44893,1.1778501297736856
44903,1.1776045360724972
44913,1.1773845165620487
44923,1.1768228402185472
44936,1.1765699800202625
44943,1.1760352407099164
44953,1.1759194004869753
44963,1.1753109219348687
44973,1.1751684569735363
44986,1.1745126064746163
44993,1.174385377357366
45003,1.1738088045025648
45013,1.173554635092335
45023,1.1729281906761455
45033,1.1726514217718977
45044,1.1722630600748556
45053,1.172079982645826
45065,1.171683286229205
45073,1.1714896253582976
45083,1.1711872130286822
45093,1.1708817326821757
45105,1.17047106488445
45113,1.1702693490432396
45123,1.1699593935618877
45133,1.171174480388298
45143,1.1700683845459166
45153,1.169777702331616
45163,1.168592067670095
45173,1.1682507227882104
45185,1.1672767821826846
45193,1.1676946454490318
45203,1.1669830342008078
45213,1.1771477897735787
45225,1.177151642310709
45233,1.176966243972608
45244,1.1768689358384508
45253,1.1765177516255458
45263,1.1763553104837343
45273,1.1766891312100694
45283,1.1765865596159262
45293,1.1764080293992225
45303,1.1762942657592608
45313,1.1761728785986756
45323,1.1760442655908632
45333,1.1762650956267628
45343,1.1761113435556223
45353,1.175578130497865
45363,1.1754938558934551
45373,1.1751852516647565
45383,1.1751234742311454
45393,1.1748494984123012
45403,1.1747985046781515
45413,1.1744205198803268
45423,1.1743643211423702
45433,1.1737342867846878
45443,1.173661444394849
45453,1.173396632934334
45463,1.1732894337501942
45473,1.172744960327631
45483,1.1726122303129065
45493,1.172475752141087
45503,1.1723356629641437
45513,1.1716114299511573
45523,1.1714417741014498
45533,1.170080359636956
45544,1.1696338122851686
45553,1.168964568087043
45564,1.1685661864628294
45573,1.1679679100297684
45584,1.1675939644013313
45593,1.167017998067873
45604,1.1666326173955586
45613,1.1660936303546872
45623,1.1657857598102066
45633,1.1652645311772631
45644,1.1649686204547438
45653,1.1751762998339295
45664,1.175058406814888
45673,1.174751999793071
45683,1.174619588195245
45693,1.174498833912104
45704,1.1743578697954835
45713,1.1740600667629022
45723,1.173928375638658
45733,1.1735558700278557
45744,1.1734392931200839
45753,1.1728359422119292
45764,1.1727075817686248
45773,1.172595643301812
45784,1.1724582246008377
45793,1.172349836847745
45804,1.1722056409486465
45813,1.1720961262998433
45823,1.1719850987440088
45833,1.171871296251786
45843,1.171754086327771
45853,1.1727032835312616
45863,1.1726226373964188
45873,1.1730033872385666
45883,1.1729337793389607
45893,1.1731056464776457
45903,1.17304154865043
45913,1.1733725560970862
45923,1.1733279585818368
45933,1.173395795780181
45943,1.1733603857231836
45953,1.173425297865314
45963,1.17339273354187
45973,1.17335971499343
45983,1.1733289529903164
45993,1.1704814772990553
46003,1.1703076547527491
46013,1.1687917341014145
46023,1.16856072177715
46033,1.167527564525263
46043,1.1672645311854335
46053,1.1667032137989668
46063,1.1664461957833914
46073,1.1657676686021778
46083,1.1655035806143563
46093,1.1771688192721093
46103,1.177074864028493
46113,1.1769269121675423
46123,1.1771185427873259
46133,1.1770438592668773
46143,1.1769654273350028
46153,1.1768833618130574
46165,1.1793985792920594
46173,1.1794724066418563
46184,1.1791094278209506
46193,1.179186094426617
46204,1.179242976176967
46213,1.17931356502208
46224,1.1793758875610423
46233,1.17785148151174
46244,1.1774376009821501
46253,1.1769874710316446
46266,1.1759780157280684
46273,1.175908209013651
46283,1.175372555634842
46293,1.1751979985002177
46303,1.175074925999173
46313,1.1748654397531748
46323,1.1747126629253952
46333,1.1745534488608143
46343,1.173223427265968
46353,1.1729091533312577
46363,1.17210041652142
46373,1.1718794026353663
46383,1.1713744641531243
46393,1.1711472012391568
46403,1.1705399547268476
46413,1.1702311177951987
46423,1.1696484456873164
46433,1.169308697681281
46443,1.1687517953336874
46453,1.1684433844431932
46463,1.1681656389771693
46473,1.167856258797988
46483,1.167333168615346
46493,1.1673771813421825
46505,1.1671465164083736
46513,1.1668744504746298
46523,1.1667635179647733
46533,1.1665053640601253
46543,1.1663713022955
46553,1.1664402539440528
46563,1.1662801984753872
46573,1.1660791852233239
46583,1.1660038870714076
46593,1.1658762393858964
46603,1.1656957680133901
46613,1.1655225542163314
46623,1.1653622876409258
46633,1.165215393844401
46643,1.1651710023235091
46653,1.1650086019340262
46664,1.16490386088034
46673,1.164846765117655
46683,1.164775808933593
46693,1.1647259865367023
46703,1.1645903058927316
46713,1.1645625240836364
46723,1.164550989458195
46733,1.1644063227889638
46743,1.1602720482185387
46753,1.1600100124252068
46763,1.1589465584174135
46773,1.1586212066095132
46783,1.1580817653793873
46793,1.157748695889963
46803,1.1574148719546242
46813,1.157093507667384
46823,1.157209852487262
46833,1.156918512451049
46843,1.1567578211356455
46853,1.1799229182995248
46863,1.179765700956604
46873,1.1795954256371652
46883,1.179076705712627
46893,1.1789251852241407
46903,1.1782772358995244
46913,1.178119655500356
46923,1.1774421545568756
46933,1.177269689855901
46943,1.176641956200974
46953,1.1764625379751683
46963,1.1758371953691198
46973,1.1756507424525577
46983,1.175463824710999
46993,1.1752731143378228
47003,1.175076571219602
47013,1.1800123061832644
47023,1.1797287352899049
47033,1.1797296022033466
47043,1.1792268658214329
47053,1.1791976575526588
47063,1.1789019646649737
47073,1.1788540246229635
47083,1.1780064907705823
47093,1.17780584892286
47103,1.176911403821623
47113,1.1767921407944393
47123,1.172917960986142
47133,1.1726378041146983
47143,1.172378453157725
47153,1.17211618593979
47163,1.1715734032481788
47173,1.171309679458936
47183,1.1710461045713563
47193,1.170285910949448
47203,1.1700065999755798
47213,1.1697347117183674
47223,1.1694676128321473
47233,1.1692016995598242
47243,1.168729756294485
47253,1.1681785022987476
47265,1.167295078568739
47273,1.1670330454995583
47283,1.1663397194829404
47293,1.1659908715018263
47305,1.1653929055409364
47313,1.1650387071412898
47325,1.164517942261411
47333,1.1641643229482173
47345,1.1636828285585146
47353,1.1633357160272062
47364,1.1624197199949646
47374,1.180064592241721
47387,1.18215958479308
47394,1.1815244803237688
47407,1.182767897022038
47414,1.1811417912352875
47427,1.1822038247838293
47434,1.180363637431751
47444,1.1800946691912695
47454,1.179565929241365
47463,1.1794499225910462
47473,1.1776504919829052
47483,1.1772209527353106
47493,1.1764106171121242
47503,1.176294925141441
47513,1.1761787488806161
47523,1.1756847516498647
47533,1.1749888963319521
47543,1.174834966689237
47553,1.1746695194407992
47563,1.1744915119862358
47573,1.17430260726011
47583,1.1741048692315808
47593,1.1815128349456612
47603,1.1809622290180255
47613,1.1813864255898157
47623,1.181074607184942
47633,1.180824323996524
47643,1.1807175470978102
47653,1.1803260128920434
47663,1.1803212325440218
47673,1.1798815691277478
47683,1.179866061499082
47693,1.179374524454715
47703,1.179342865860984
47713,1.1788175161267749
47723,1.1787612595238717
47733,1.1781850015921367
47743,1.1781033570126898
47753,1.1780179967490374
47763,1.1779324264428521
47773,1.177174542926841
47783,1.1770683990974742
47793,1.1769608100939088
47803,1.1768057402868004
47813,1.1775377949190153
47823,1.1774558291906052
47833,1.1805116780947373
47843,1.1804156472886569
47853,1.181416253734474
47863,1.1813655809652164
47873,1.1807978596045634
47883,1.1807220356005517
47894,1.1809115743877658
47904,1.1807034072450184
47913,1.1804368883833738
47923,1.180438056461626
47933,1.179509518874217
47943,1.1795312043085855
47953,1.178414167800538
47963,1.1783950935004575
47973,1.1772919829800772
47983,1.1772733617760347
47993,1.1762760567781154
48003,1.176247366874101
48013,1.1754845236917433
48023,1.1752439730069686
48033,1.1745926598013943
48043,1.174397414485451
48053,1.1739442783554996
48063,1.1805613092130554
48073,1.1803027416201473
48083,1.1808068938717886
48093,1.181016589986793
48103,1.1808449090064994
48113,1.18069103155559
48123,1.181006014702274
48133,1.1812140853793345
48143,1.181595258460249
48153,1.1818679554017824
48163,1.1819941518633228
48173,1.1803415600475098
48183,1.1804536969744635
48193,1.1791961018403034
48203,1.1792136260665018
48213,1.1790788188099963
48223,1.1791792346921177
48233,1.179217319419234
48243,1.180395863204476
48253,1.1805035000811561
48263,1.1794814889261036
48273,1.1795462571136173
48283,1.1786779555468323
48293,1.1787003224975072
48303,1.1791171417548993
48313,1.179383524781912
48323,1.1812556486615693
48333,1.1812308875906907
48343,1.1813880703167983
48353,1.1815578829555995
48363,1.1821522241064037
48373,1.1824387707210315
48383,1.1828595522902994
48393,1.1831717914572046
48403,1.18320190174793
48413,1.1835417512645745
48423,1.1812530994160384
48433,1.1814008397877778
48443,1.181581234266903
48453,1.181783341837493
48463,1.1824227941690046
48473,1.1825899733593777
48483,1.182753954064792
48494,1.1823157292826298
48503,1.1812341399702735
48513,1.1812352098815682
48524,1.182945044301178
48533,1.1821435255814643
48543,1.182904157085109
48553,1.1828517194842545
48563,1.182998510705618
48573,1.1816873016477192
48583,1.1830158039347334
48593,1.1831706352034705
48603,1.183318167306305
48613,1.183459958505709
48624,1.1829672618261344
48633,1.1815382853177074
48643,1.1828052934620248
48653,1.1823844145071076
48663,1.1826141287115686
48673,1.1823009461757947
48683,1.182463003440493
48693,1.1825420923392918
48703,1.182610073439606
48713,1.1805376550607043
48723,1.1805691091344919
48733,1.1792784462675177
48743,1.1792873443561844
48753,1.1792902433412369
48763,1.179284666845533
48773,1.1777615452908847
48783,1.1776876644580798
48793,1.1776169115720454
48803,1.1775432761919546
48813,1.1774690510703036
48823,1.177415904633981
48833,1.1756926776701742
48846,1.180971014997053
48853,1.1811015082986198
48863,1.1809723992792254
48873,1.1810220134767941
48883,1.180390829666681
48893,1.1808747148374192
48904,1.180917075475538
48913,1.1806014450264637
48923,1.1806073317063859
48933,1.1796988448184453
48943,1.17965732746046
48953,1.1784434527107464
48963,1.1783822664287245
48973,1.177048388252951
48986,1.178177462111462
48993,1.1771406057815237
49003,1.1771140304960128
49013,1.176127548760274
49026,1.176708252515398
49033,1.1767500255635168
49046,1.1770297526889923
49053,1.1759509952776752
49066,1.1762772087324598
49073,1.176256341431333
49083,1.176168762958981
49093,1.1757433922526233
49103,1.1759901968043034
49113,1.175840355231262
49123,1.1758804949213235
49134,1.1820539761959066
49143,1.1821621289657185
49153,1.1811799319550118
49163,1.1812301221337957
49173,1.1846239682324196
49183,1.1847938742464317
49193,1.1853171990356262
49203,1.1855182154313624
49213,1.185949737894857
49223,1.1856715508583333
49233,1.1862001332107608
49243,1.1864092142450342
49253,1.1863912573161335
49263,1.186545328781186
49273,1.1858371281872404
49283,1.1859704638219408
49293,1.1851324007812452
49303,1.1852260560900738
49313,1.18445784872256
49323,1.1844486931429064
49333,1.18417646305101
49343,1.1840949972363801
49353,1.183481610752448
49363,1.1833487039784283
49373,1.1827791085932227
49383,1.1825973377092764
49393,1.1812200937961972
49403,1.1808984152716324
49413,1.179643655307438
49423,1.1782224750017982
49433,1.1772347833231158
49443,1.1760814224278355
49453,1.1749320023452048
49463,1.174084969253015
49473,1.1728662311353344
49483,1.171879599361128
49493,1.1705857644995536
49503,1.1691756255191035
49513,1.1618738312171455
49523,1.1616968340954237
49535,1.1600840050933303
49543,1.1585630599830035
49554,1.157453109550783
49563,1.15548791370025
49573,1.1540995582441382
49583,1.1524863884794943
49593,1.1507099848829494
49603,1.146917798069042
49613,1.1449584684666936
49623,1.142357294825056
49633,1.140245417427222
49643,1.148993657470316
49653,1.1470028819294598
49663,1.1441308901650369
49673,1.1420135472926731
49683,1.139837575742922
49693,1.1376120445331728
49703,1.1353438545449057
49713,1.1323296830513196
49723,1.1299647725132913
49733,1.1275651396346837
49743,1.1234558335727771
49753,1.1208961977417844
49763,1.1179688022270442
49773,1.115338279304646
49783,1.1118743187748716
49793,1.1054672384702944
49803,1.1025481497866987
49813,1.1000871974434445
49823,1.0950837638580186
49833,1.0918718321515815
49843,1.088620192852087
49853,1.0861840173421362
49863,1.0828260717274463
49873,1.0793655348966442
49883,1.0831711025384425
49893,1.0799219839779575
49903,1.0755281762232844
49913,1.070507648258982
49923,1.066949708968287
49933,1.0640195307399831
49943,1.0582746550538225
49953,1.0552048162456604
49963,1.0503247605887607
49973,1.0470020280069423
49983,1.0431726792841391
49993,1.0393053898120355
50003,1.035405377984362
50013,1.0314778032452818
50023,1.0263546091874214
50033,1.0225821450866956
50043,1.016975879536922
50053,1.0133126067382732
50063,1.0080859102814623
50073,1.0042963916283159
50083,0.9997795871558941
50093,0.9982110412806302
50103,0.9943119402064917
50113,0.9900201101521183
50124,0.990888561254313
50134,0.9880852234978217
50143,0.9838342627376216
50153,0.980246302168322
50165,0.9770701486777736
50173,0.9733096652760955
50184,0.9689872204953529
50193,0.9646594931188411
50203,0.9606790530625456
50213,0.9558849511108364
50223,0.9520884852395951
50233,0.9476485256684973
50243,0.9457642635748884
50253,0.9420696392063409
50263,0.9381144476866874
50273,0.9331146155410343
50283,0.9332284159975336
50293,0.928436803822125
50303,0.9248877182673184
50313,0.9200972310099222
50323,0.9166311510418427
50333,0.9119705114323169
50343,0.9086069395003051
50353,0.9042652918117212
50363,0.9010240307601263
50373,0.8978450167462355
50383,0.8947328252184269
50393,0.8916895955081208
50403,0.8887154641957659
50413,0.8858124429069713
50423,0.8829817137496332
50433,0.8802213987412889
50443,0.8775301553686177
50453,0.874910486063766
50463,0.8723684239602724
50473,0.8699115279553676
50483,0.8675438292081353
50493,0.865265664886888
50503,0.8630783773625831
50513,0.851714524215143
50523,0.849568827063572
50533,0.8432410223622917
50543,0.8404067060405587
50553,0.837633241924396
50563,0.8378829948347006
50575,0.835206601776676
50583,0.8352459729429018
50593,0.832893320779376
50603,0.83623039972474
50613,0.8330342206905644
50625,0.8313221572643911
50633,0.8272398442317004
50643,0.8264576570306585
50653,0.8241104315026141
50663,0.8221031967994291
50676,0.8190355247377532
50683,0.8191404770080339
50693,0.8163276338836424
50704,0.8147373180569241
50715,0.8121283531284955
50723,0.8109478555620401
50733,0.8101861372328162
50743,0.8127843823842552
50753,0.8124531569482123
50763,0.8130557688639731
50773,0.8130806801028658
50783,0.813749543629714
50793,0.8141326867924006
50803,0.815034476222004
50813,0.8157687801485091
50823,0.8169373974428411
50833,0.8189316964033301
50843,0.8202398018423264
50853,0.8224695200640556
50863,0.8241504544500683
50877,0.8262719003284096
50883,0.8282135913062807
50893,0.8302892887803073
50906,0.8248894083962993
50913,0.8268022413870825
50923,0.8299948070812103
50933,0.8321853132510082
50943,0.8351610171695005
50953,0.8376031118818339
50963,0.8407795464560264
50973,0.8434668491851749
50983,0.8462490348543772
50993,0.8491212037691438
51003,0.852078750644801
51013,0.8392677578193644
51023,0.8410570810627234
51033,0.8428760236345545
51043,0.8470060372831729
51053,0.8490452691753488
51063,0.8511113890094175
51073,0.8532072479368438
51084,0.8688122125647353
51094,0.8668550370142923
51103,0.86699080575215
51113,0.8701369095132402
51123,0.8755799199984267
51133,0.8777880790127269
51143,0.882259305338323
51153,0.8848360123880977
51163,0.8883498179130612
51173,0.8879133704347373
51183,0.8913045528223057
51193,0.8936969382668452
51203,0.89779609508149
51214,0.9040171026755939
51223,0.9041793667526798
51233,0.9070317147305788
51245,0.9179798597101828
51253,0.9182340058169507
51265,0.9307800782106517
51273,0.9283164854054063
51283,0.9315332343118412
51293,0.9354276995382576
51303,0.9405620878960608
51313,0.944451558476336
51323,0.948306082188629
51333,0.9521217576149459
51343,0.9558915498958181
51353,0.9572039444479749
51363,0.9606851061436747
51373,0.9642415564978581
51383,0.9601154247524641
51393,0.9628502491833579
51403,0.9653205598196091
51413,0.9679968512397745
51423,0.9702806296493627
51433,0.9714790415570317
51444,0.9735204007845274
51453,0.9760280144801616
51463,0.9782310924107257
51473,0.98121791260028
51483,0.9832882066255441
51493,0.9864707071271869
51505,1.0042933161926109
51513,1.0071368739976156
51523,1.012560035462512
51533,1.0197637719039712
51543,1.0227035082182736
51553,1.0264993012886072
51563,1.0292907801968016
51573,1.0325770825537708
51583,1.0351333911701577
51593,1.034611541203679
51603,1.036652268001168
51613,1.0392331473288103
51625,1.041642113639485
51633,1.0432323545216586
51643,1.0463258938845554
51653,1.0484788325091807
51663,1.050033615107173
51673,1.0509067067157805
51683,1.0515790356901666
51693,1.0540552258816995
51703,1.0544110304138048
51713,1.0545772942128744
51724,1.0556550620722804
51733,1.0555589897691768
51743,1.05516137991657
51753,1.054724733467006
51763,1.0540405781392541
51773,1.053318387705274
51783,1.0523606372124914
51793,1.0513965943107793
51803,1.0501831710031024
51813,1.0489958267636266
51823,1.0475745929164348
51833,1.0462054000461904
51843,1.0445816966088566
51857,1.0486752411448028
51863,1.0493283598677696
51874,1.045938508034119
51883,1.0465728859807455
51893,1.0456391373754892
51907,1.0381100427431207
51913,1.0390685537319095
51924,1.0334319112671613
51940,1.0324185889146411
51943,1.0324185889146411
51953,1.031026689766917
51963,1.0292079309261921
51973,1.0278535961773583
51983,1.025983717665975
51993,1.0246685755709024
52003,1.0228483597131932
52013,1.021592275560513
52023,1.0198148424421674
52033,1.0186431217310754
52043,1.0169782625848331
52053,1.0159153686072482
52064,1.002502569032498
52073,1.0036549961844483
52083,0.9998047542000286
52093,0.9982050879553863
52103,0.9960113340799398
52113,0.9912713688408994
52123,0.9888450031100887
52133,0.9869508307705959
52143,0.9854165668972101
52153,0.9839608256642952
52163,0.9825865606882975
52173,0.981297242141507
52183,0.9801002235049271
52193,0.9859016594630123
52203,0.983926691286686
52213,0.9831075366868707
52224,0.9819001419717183
52233,0.9814892346503771
52243,0.9782164766516541
52258,0.9775749930622938
52263,0.977570391445423
52276,0.975874770006234
52283,0.9772204999114669
52293,0.976253157659238
52303,0.9801136663516364
52313,0.9807245580672035
52323,0.981435356181248
52333,0.9822450663614184
52343,0.98315431130214
52353,0.9841617178330737
52363,0.9809105362360727
52373,0.9820413339940928
52383,0.9832620162186455
52393,0.984690274666262
52403,0.9823679749315231
52415,0.9825481935638571
52423,0.9806600210106615
52433,0.9807110777340383
52443,0.9792827159311768
52453,0.9807280180098785
52463,0.9823944386181541
52473,0.9834945454617129
52483,0.985356924305838
52493,0.9844069506093878
52503,0.9863825332616296
52513,0.9855044221126941
52523,0.9874462458292426
52533,0.9897138526436194
52543,0.9888048514827465
52553,0.9910068512725301
52563,0.9901897982030731
52573,0.9924496251715961
52583,0.9942932401120066
52594,0.9970702716911378
52603,0.9969983745149722
52613,0.9995694079018127
52623,0.9988339163988912
52635,1.0027921654586183
52644,1.0027249068554938
52653,1.0059365052807494
52663,1.0052934625035677
52674,1.0083554326811413
52685,1.0088884477998994
52693,1.01148485828583
52705,1.0122169603082871
52713,1.0136279170855576
52723,1.0127969568538493
52733,1.0154007195550114
52743,1.0145996345940558
52753,1.0171683747340465
52766,1.0170943251216544
52773,1.0187291451205946
52783,1.021147920054702
52795,1.0247612669955304
52803,1.024219507039349
52815,1.0278168884902494
52823,1.030235030294252
52833,1.032621846781104
52847,1.0368830176420896
52853,1.0361080718330664
52865,1.03957756087901
52874,1.0425256990640783
52883,1.0449103760445322
52893,1.0472727617154727
52903,1.0503339387595831
52913,1.0526845066457355
52924,1.0551157953299815
52933,1.0573438724247008
52943,1.0595155430260885
52953,1.0615121385947939
52963,1.0635866210913125
52973,1.065634600016601
52983,1.0676624916448731
52993,1.0696764070125333
53003,1.071396245417851
53014,1.0734429576678473
53023,1.0754424163529677
53033,1.077362891245867
53043,1.079260859025402
53053,1.0830061728419218
53063,1.084692222063998
53073,1.0674443681584993
53083,1.068254599029549
53093,1.0559320331125004
53103,1.057061523374506
53113,1.0470363195765438
53123,1.048052386424213
53133,0.9425961210935536
53144,0.942737500924212
53153,0.9413187661333786
53163,0.9410733933280899
53174,0.9392034889171381
53183,0.9384140536917135
53193,0.9382958723709772
53203,0.9380112011923911
53213,0.9403169276314003
53224,0.9399532602448705
53233,0.9405372427613844
53243,0.9308487782636395
53253,0.9301929329443432
53263,0.9295488943534106
53273,0.9315382970963871
53283,0.9272338140927984
53293,0.928412835344076
53303,0.9278515935388276
53313,0.9282606073766188
53323,0.9243578619795989
53333,0.9252234379674821
53343,0.9247849334690615
53353,0.9251604036327675
53363,0.9205993995548164
53373,0.9215083715970751
53383,0.9211519507063745
53393,0.9242446904588978
53403,0.923750919641351
53413,0.9236989698497495
53423,0.9233437598061595
53433,0.924584160699036
53443,0.9246651981297186
53453,0.9248445682003864
53463,0.9252975207335646
53473,0.925618207511416
53483,0.925942223825101
53493,0.9264364830047298
53503,0.926878392068853
53513,0.9162818030006254
53523,0.9162306720665279
53533,0.9162019772249992
53543,0.9162618338494991
53553,0.9201524011543502
53563,0.9204760733444828
53575,0.9226116244194952
53583,0.9227629847364615
53593,0.9232009904048907
53603,0.9236124314416446
53613,0.9185530329333846
53623,0.9188177978289506
53633,0.9190761090179328
53643,0.9193234878319214
53653,0.9187109166285337
53663,0.9189522258112514
53673,0.9191822099234632
53683,0.9194006792057707
53693,0.9196050110571393
53703,0.9197935526020701
53713,0.9199645522282662
53723,0.9201131593905214
53733,0.9193698679502491
53743,0.9193634896102646
53753,0.919797132147898
53763,0.9198080772056589
53773,0.919806136459484
53783,0.9197903729542998
53793,0.9198393103502457
53803,0.9184587486669679
53813,0.9178241541043715
53824,0.9174299699960876
53833,0.9173153387925006
53843,0.9203890962693584
53853,0.920368905941806
53863,0.9199313205705955
53873,0.9166420222346734
53883,0.9186280643512688
53893,0.9187400988066495
53903,0.919848057678701
53913,0.9196582636909424
53924,0.9199640915687048
53933,0.9171160586052876
53943,0.9172351774191069
53955,0.9162131106306731
53963,0.9168302223181403
53973,0.9167200469584533
53983,0.91644094569933
53993,0.914356656564601
54003,0.915121952759553
54013,0.9144283966394845
54023,0.9141980123560033
54033,0.9127824826910507
54043,0.9125005246958784
54053,0.908748943894931
54063,0.9099699928592133
54073,0.9095199913554721
54083,0.9100244380865402
54093,0.9096563819937096
54103,0.9092809055342542
54113,0.9047737281499666
54123,0.9042695853212953
54133,0.9036852832967568
54143,0.9030327686525245
54153,0.9024957804488061
54163,0.9011267128084696
54173,0.9005598889549302
54183,0.8999921064052107
54193,0.898924060053104
54203,0.9026316627929287
54213,0.896426833591046
54223,0.8957069624256553
54233,0.8949960645945249
54243,0.8964626849226768
54253,0.8958702344456483
54263,0.8956697859206251
54273,0.8918371068053415
54283,0.8912181889543815
54293,0.8923666255114295
54303,0.8918512705061428
54313,0.8913582113687971
54323,0.8918987316092386
54333,0.8923691547419224
54343,0.8918564443157131
54353,0.8862927573497174
54363,0.8883524455851559
54373,0.8876468951304468
54383,0.8873836096440039
54393,0.8871674713650761
54403,0.8885687512780825
54413,0.8893405571369554
54423,0.8894926733878975
54433,0.8896369219546549
54443,0.8905297435311472
54453,0.8845160813541398
54463,0.8845875848047949
54473,0.8849350657060918
54483,0.8844019760717073
54493,0.8846914671114204
54503,0.8842014456813618
54513,0.8845771783054743
54526,0.8844806988320267
54533,0.8843973267491253
54543,0.8842851144265951
54553,0.8846582058594917
54563,0.8853819373833325
54574,0.8860221451302669
54583,0.8863765907257568
54593,0.8869500567469756
54603,0.8874782547098111
54613,0.8883799843864877
54623,0.8889163912936203
54633,0.8948827061074995
54643,0.8895870485933902
54653,0.8916872051298229
54663,0.8923042481749048
54673,0.8937886828462015
54683,0.8926567215840503
54693,0.8929564154956756
54703,0.8935418537417669
54713,0.8953977706378403
54723,0.8943467769486416
54733,0.8946539285061154
54743,0.8941752472290762
54753,0.8962898086685518
54763,0.8969628997519336
54777,0.8983769450184617
54783,0.8990750379565999
54793,0.8997811552334699
54803,0.900541050558781
54813,0.9012471109242903
54823,0.9019279338645018
54833,0.9026259621820353
54843,0.9033216070252029
54853,0.9049615287297136
54863,0.9050267118028917
54873,0.9094751633273787
54883,0.910323314173387
54893,0.9117140706210272
54903,0.9125567645751448
54913,0.9031749464858274
54923,0.9035266738096928
54933,0.9048327835044288
54943,0.9049169757189619
54955,0.9062667524911068
54963,0.9064079952436209
54973,0.9082071605408623
54983,0.9083403280370113
54993,0.9098660225650397
55005,0.910501212217263
55013,0.9116045685093999
55023,0.9120487215720485
55033,0.912479173155429
55043,0.9132605334222474
55053,0.9146910544344075
55063,0.9154189974528236
55073,0.9158303506827871
55083,0.9161548392648846
55093,0.9163750430742476
55103,0.9164439282990476
55113,0.9162877267502965
55123,0.9199444044262265
55133,0.9189389195108142
55143,0.9054866863166039
55153,0.90572767487327
55163,0.8999743866489844
55173,0.9003572360370883
55184,0.8951705828065866
55193,0.8938921869107005
55203,0.8793116496132125
55213,0.8750229212202267
55223,0.8644561765282318
55233,0.8650427686733987
55243,0.8439653721343637
55253,0.8440325556620285
55263,0.8312903175866497
55273,0.8213300784848012
55283,0.7981001068037946
55293,0.7981617103001304
55303,0.7745094855481311
55313,0.7745949329780071
55323,0.7512997504121812
55335,0.75912695333088
55343,0.7356819396702357
55353,0.7356804630702884
55363,0.7259297084064703
55373,0.7193714231968089
55385,0.7104238264715396
55393,0.7047998750101889
55403,0.6966352429865552
55413,0.6893555336492218
55423,0.6818974812733897
55433,0.6747909636600123
55443,0.6678974946269307
55453,0.6611860602295162
55465,0.6552664120963454
55473,0.6488096272361404
55483,0.6423361059562581
55493,0.6357454683819477
55503,0.6289697581360051
55513,0.6315033525269902
55523,0.6247228708002909
55535,0.6223145493519305
55543,0.5960176105558749
55555,0.5911206672460376
55563,0.58104688795727
55573,0.5727173384644475
55583,0.5631997958798998
55593,0.5545431992232681
55605,0.5440012203245412
55613,0.5346719824670633
55623,0.525623108533713
55635,0.5151495678340714
55643,0.5059547421581091
55653,0.4960074797805708
55663,0.4882497680396672
55673,0.478462473044301
55683,0.46876236103491514
55693,0.45917701252761345
55703,0.4497402853023639
55713,0.44049234734474835
55723,0.4370721943373505
55733,0.4354928200453337
55743,0.4265393366238718
55753,0.41988162875863294
55763,0.40747020877050794
55773,0.4122335810043402
55783,0.40748572289350327
55793,0.4062388675894277
55804,0.39423031325094937
55813,0.3928630328177239
55823,0.3837461308590085
55833,0.38238120162460615
55843,0.37715633834299783
55860,0.37237749574775475
55863,0.37237749574775475
55873,0.3695874686488629
55883,0.36131517841158134
55893,0.3583483868765981
55903,0.35646772060191656
55913,0.35343263528961133
55923,0.3504918736303244
55933,0.34776098663583577
55943,0.34234036279171826
55953,0.33993314570097966
55963,0.3354597352240335
55973,0.3331714116143162
55983,0.33087221509272385
55993,0.3285647496878077
56003,0.326312365797297
56013,0.32178249983222273
56023,0.318232564211866
56038,0.3130898054901424
56043,0.3130898054901424
56054,0.3106067493490372
56063,0.3096185649951056
56073,0.3085316241685912
56088,0.3076407953220287
56093,0.31758593640682603
56105,0.3177006782420163
56113,0.31815060714365134
56123,0.31965854629821944
56133,0.3217297336719329
56143,0.3252355535755366
56153,0.3264612621416838
56163,0.32968066710608535
56173,0.32831684428251423
56183,0.3327583274100308
56195,0.3391805296691367
56203,0.3439442991420384
56213,0.3489772868228429
56223,0.35402849303739503
56233,0.3595700681588691
56243,0.3638533450369185
56253,0.3691402096503987
56263,0.37808862517905306
56273,0.38469892718042875
56283,0.39387641422227454
56295,0.40613846854743807
56303,0.41371810076903437
56316,0.4348089077929302
56323,0.43448159426364497
56333,0.4422417167934077
56343,0.4542262440712087
56353,0.4772441269567983
56363,0.4769612661549716
56373,0.4909922857989624
56383,0.49927475443742947
56393,0.5090584944108674
56403,0.5165585951199156
56413,0.5256420053889802
56423,0.5331837707138165
56433,0.5414879308510996
56443,0.5497809073654465
56453,0.5579812244946102
56463,0.5660349055939252
56473,0.5739407206034137
56484,0.5770347687853697
56493,0.5845090000057127
56503,0.5906740229400549
56516,0.5881767620069047
56523,0.597638796576059
56533,0.6083002623670798
56545,0.6152017821517862
56553,0.62497597806993
56563,0.6343203935315495
56573,0.6409816192053323
56583,0.6483507703219578
56595,0.6568379255896227
56603,0.6643541745878183
56613,0.6725084742765385
56623,0.6793602557816633
56633,0.7177817959979463
56643,0.7262352783817944
56653,0.7354815057895804
56663,0.7446037344260831
56675,0.7539710713784991
56683,0.7628718674480899
56693,0.7735199397890928
56703,0.7824297247017467
56713,0.7917000956146958
56723,0.8006283996294106
56733,0.8148938397997408
56743,0.8242670931564607
56753,0.8340568117284721
56763,0.8433761191754492
56773,0.8524610907300385
56783,0.8560734967813717
56793,0.8617952154463429
56803,0.869570117701425
56813,0.8756003738533611
56823,0.8833485486962624
56833,0.8889548122755474
56843,0.896853233211694
56853,0.9042845228559119
56863,0.9124516875143943
56873,0.9207862695501392
56883,0.929213189677719
56893,0.9348171364892364
56903,0.9431405841127775
56913,0.9514422000579766
56923,0.9597568454457379
56933,0.9681001609217824
56943,0.9708824711434186
56953,0.9789426519299076
56963,0.9794983297765909
56973,0.9915412023967959
56983,0.9958557443085824
56993,1.0034689563265788
57003,1.0109646671762123
57013,1.0174039330803244
57023,1.0210814171059184
57033,1.027825683541434
57043,1.0314638609138287
57053,1.0375520711664832
57063,1.0406175930197863
57073,1.0460038236651157
57083,1.0510166171331967
57094,1.051775565703234
57105,1.055461829852919
57113,1.0593135752053773
57123,1.0620049724125855
57133,1.0638411110859445
57143,1.066667434797156
57153,1.0682623732823469
57163,1.070675258983245
57173,1.0719501991627032
57183,1.0739230190827318
57193,1.0747323836287277
57203,1.0753929198886325
57213,1.0767569637202836
57223,1.0771454611046696
57233,1.0782668138457105
57243,1.0784954531887176
57253,1.0793826309317498
57263,1.0794099966804405
57273,1.0800684922035515
57283,1.0806506571272914
57293,1.0811763249305277
57303,1.0816570243665886
57313,1.0820939470131203
57325,1.0841651269350812
57333,1.0861199592811963
57343,1.0866575313665163
57353,1.0871646254017593
57363,1.0839691469502404
57373,1.084191875517197
57383,1.06301335805698
57393,1.0626296177366596
57404,1.0612565336435527
57413,1.0611936000991637
57423,1.0593639432302135
57433,1.0589357688904033
57443,1.0576992274373567
57453,1.057257959403689
57463,1.0559792036618016
57473,1.0552879914158833
57483,1.0553610681971406
57493,1.0548732775897738
57503,1.0519313463442128
57518,1.0516824055712066
57523,1.0498430148272904
57533,1.0496431672926485
57543,1.047842663319826
57553,1.0477908271310898
57565,1.0463753410198438
57573,1.0454905637971355
57583,1.0454732868458898
57593,1.0459776247825665
57603,1.0438524487856653
57615,1.044583026027146
57623,1.0454299151629185
57633,1.046404061417458
57644,1.0423998025459014
57653,1.0439649521997205
57663,1.045478500535196
57673,1.0468516632487426
57686,1.0464927702577633
57693,1.0484578217813858
57703,1.0423826632190558
57713,1.043753650726162
57723,1.041814452695693
57733,1.0440833743802291
57746,1.0430224184136447
57755,1.0442310621541502
57763,1.0433152105241676
57773,1.0440203931855738
57783,1.04218077596637
57793,1.0450141465610217
57803,1.043928365374446
57813,1.0456571018064809
57823,1.0459177859333815
57833,1.0478227544449985
57843,1.0467857784569699
57853,1.048794195010816
57863,1.0475846250336494
57874,1.049485872198618
57883,1.0512409194878325
57893,1.0534372921906945
57903,1.0556826651723474
57913,1.0579824342034743
57923,1.060569327277919
57933,1.063214541816737
57943,1.0656714707403128
57953,1.068166871623114
57963,1.066925242582466
57973,1.0691361023134165
57983,1.0713689900298915
57993,1.0736280125044317
58004,1.0532585724422525
58013,1.053028287800258
58023,1.0565553648691175
58033,1.0577704153990908
58043,1.0546568823160491
58053,1.05578137341857
58065,1.0558627368555418
58074,1.0591394000036132
58083,1.058992011511412
58095,1.0624713052500119
58105,1.0644589899038557
58113,1.0654766886363984
58124,1.067441150401409
58133,1.0688634191672273
58143,1.0703171768693496
58153,1.0714203223917707
58163,1.056887335920057
58173,1.059728148913731
58183,1.0570598432409866
58194,1.0586841324934642
58206,1.0611715114760178
58213,1.062590896462875
58223,1.063135913570405
58234,1.0652517958322418
58244,1.0643066984317402
58254,1.0663026811911984
58263,1.0663637178593606
58273,1.068283588165889
58283,1.0703613841430402
58293,1.0715170510828453
58304,1.0735462144976746
58313,1.074826556706489
58323,1.0612445764102179
58333,1.0612768828451289
58343,1.0613751334950876
58353,1.0621315565369644
58363,1.0599367617417017
58373,1.060709347065756
58383,1.061509779532818
58393,1.0623413138426914
58403,1.063205870337182
58414,1.0648465748034215
58424,1.0652061000633442
58433,1.0672707251204014
58443,1.0676024147230967
58453,1.0700787661105662
58463,1.0616090150113298
58473,1.0621461002430317
58486,1.064506305006521
58493,1.0651965156818528
58503,1.0664336943791017
58513,1.0648890880954158
58523,1.0655664422811058
58533,1.0662658985643887
58543,1.066980695498027
58553,1.0677090889611427
58563,1.068448999147894
58573,1.0691913116658962
58583,1.0699354246270232
58593,1.0706904945843974
58603,1.0714638789369255
58613,1.0722590631883233
58623,1.0730754255490251
58633,1.073911130454199
58643,1.0747647724622809
58653,1.0798274863076327
58663,1.0806822297354501
58673,1.0828883209386682
58683,1.0838136279616521
58693,1.0847678232864735
58704,1.0578922626738996
58713,1.0603883202398645
58725,1.060765558630034
58733,1.060948352025849
58743,1.0611594031825764
58753,1.0614163150237583
58763,1.0580739520682279
58773,1.0590253607189473
58783,1.059341613573063
58793,1.0596711966248806
58803,1.060012896251953
58813,1.0603625266626184
58823,1.0607162157935321
58833,1.0622720497074134
58843,1.062703390592378
58853,1.0631320466921594
58863,1.063558242525019
58873,1.0639842148634906
58883,1.0644114823769728
58893,1.0648403487092237
58903,1.0652697977145031
58913,1.0657014683140447
58923,1.0661368974565828
58933,1.066093782269697
58943,1.066512597375369
58953,1.0669345305384166
58963,1.0673627899182463
58973,1.06780307969051
58983,1.0682588892413523
58993,1.0697410805889194
59003,1.0692138647329463
59013,1.0707638469912275
59023,1.0702248425835157
59033,1.0730777831931697
59043,1.0735212065416926
59053,1.0739708883781875
59063,1.075623161613931
59073,1.07539728550621
59084,1.075286798695648
59093,1.076412312975838
59103,1.0769165890659118
59113,1.077553354160305
59123,1.0780664816866596
59133,1.078611112741142
59143,1.0791244328374465
59153,1.0796460550716211
59163,1.0801805677721381
59173,1.0802935169043955
59183,1.0808832130655188
59193,1.0815022757639063
59203,1.0821510414445568
59213,1.082831737796193
59223,1.0835473498457076
59233,1.083429373864664
59244,1.0853895026229021
59253,1.0867740017173557
59263,1.0879563483646375
59273,1.0890264204600182
59283,1.0898417496469965
59294,1.0902311459891114
59303,1.091628905827137
59313,1.0923293596244128
59323,1.093489028289607
59333,1.0942213740519853
59343,1.094972713607545
59353,1.095842597893049
59363,1.0950409509864312
59373,1.0962751868676535
59383,1.0975412575883174
59393,1.0988337558735815
59403,1.0984244554625369
59413,1.0997805448076154
59423,1.1011720535280634
59433,1.1026050768387603
59443,1.1040590149921228
59453,1.1081459894151566
59463,1.1035353722880321
59473,1.105195775681315
59483,1.1058258936866272
59493,1.1075650332414675
59506,1.1052002098915543
59517,1.1061014094846553
59523,1.106277460958392
59533,1.1082093211979112
59543,1.10740544571522
59553,1.110049074279596
59563,1.111112260928324
59573,1.113231417072552
59583,1.1142980018984434
59593,1.1165700883606555
59603,1.117719644784821
59613,1.120159095211629
59623,1.1212835543712343
59633,1.1238662380989788
59643,1.126502284466379
59653,1.1291837375053637
59663,1.1305437800231328
59673,1.1333149340780475
59683,1.1361229747567543
59693,1.1336184065178194
59703,1.1316174716609249
59713,1.1323483915429184
59723,1.1345447417554388
59733,1.1370261646807023
59743,1.139543740734817
59753,1.1421085258576382
59763,1.144711793362668
59773,1.147351710911292
59783,1.1500262798065641
59793,1.1527397272270081
59803,1.1554964036780326
59813,1.1582956041003247
59823,1.1611398779882256
59833,1.1640374671351552
59843,1.1669923784403182
59853,1.1700048245456138
59863,1.173075289386167
59873,1.176200821555746
59883,1.1793769663728848
59893,1.186026789602441
59903,1.1867496139553197
59913,1.184651340618471
59924,1.184094528064257
59933,1.1866384410096553
59943,1.1905629754961837
59953,1.1939768301166191
59963,1.0457593094771258
59973,1.0471768108934563
59983,1.048817307487639
59993,1.0504562351519737
60003,1.052090241753311
60013,1.0537177670137412
60023,1.0566309212542158
60033,1.0581359258175809
60043,1.0554028431721976
60054,1.0561474277767504
60064,1.0558532741164928
60073,1.0607170315869678
60083,1.06188148948894
60093,1.067127381946292
60105,1.0689035231074413
60113,1.0704803220626038
60123,1.0739232393615248
60133,1.0753369643092312
60143,1.0800615836429763
60154,1.08340110693363
60163,1.0851317236613824
60173,1.0876486832579997
60183,1.0893911522990876
60193,1.0917684575808781
60203,1.0935136499151388
60213,1.095769758100814
60223,1.0975059001328296
60233,1.0996386195278303
60243,1.099304313601139
60253,1.1012280818142317
60263,1.102782452293305
60273,1.104319648491692
60283,1.1058388042367795
60293,1.107344787280139
60304,1.116451797999286
60313,1.1210735012189355
60325,1.123174027149553
60333,1.126676449076021
60343,1.128800659307911
60353,1.130922315269288
60363,1.133028963477127
60373,1.1351047239912648
60383,1.1371417935565669
60393,1.1391446470903615
60403,1.14111052356413
60413,1.143026737648632
60423,1.1448857707767028
60433,1.146686348980283
60443,1.1484331757115847
60453,1.150130732445117
60463,1.1517788246161835
60473,1.1533799746818594
60483,1.117319329171122
60493,1.1178148517661517
60504,1.1132797868738662
60513,1.116054543102314
60530,1.116757636561875
60533,1.116757636561875
60543,1.1148494826382882
60553,1.1146013274118411
60563,1.1142966353586419
60573,1.113944064739328
60583,1.1128756765950922
60593,1.1128414823237576
60603,1.1124717479986537
60613,1.1155708468799372
60624,1.1131829367505455
60633,1.1147125218666243
60643,1.113994639067327
60653,1.114808492978423
60663,1.1146775905875845
60673,1.11529560048333
60683,1.1168470106969781
60693,1.1221131015326622
60703,1.1192588209260168
60713,1.1205974002830417
60726,1.1217822298067688
60733,1.1227510376605376
60743,1.1219752615323433
60753,1.1222005211740405
60763,1.1213465966751641
60773,1.1215692677992
60783,1.121778047248847
60793,1.1219676016497973
60803,1.120482969058216
60813,1.120645037443597
60823,1.1207797431485764
60833,1.1208816607750682
60843,1.120949383118977
60853,1.1209843484344544
60863,1.1209883455763132
60873,1.1242524280064772
60888,1.1248419808325638
60893,1.1249025791006337
60904,1.1246547457371425
60922,1.1250799967310994
60923,1.1250799967310994
60933,1.1241285515065493
60943,1.1241440332795483
60953,1.1240403757805726
60963,1.1352077749863123
60973,1.1355408467803445
60983,1.1241221023116057
60993,1.1238762467427
61003,1.124461699241927
61013,1.1240611502925244
61023,1.1218850546453258
61033,1.1213876394996356
61043,1.1215926830560676
61053,1.1211726059834577
61063,1.1206485465168252
61073,1.1200942153286124
61083,1.1195082790694244
61093,1.1188932188628353
61103,1.1182548008167523
61113,1.1175956124713822
61123,1.1169189704055122
61133,1.1249700918038368
61143,1.1246143655286671
61153,1.1242606050784343
61163,1.1239100657033991
61173,1.1235609951803027
61183,1.123212735723289
61193,1.1228673676564898
61203,1.131133608276351
61213,1.131214822208247
61223,1.1331313298561259
61233,1.1333144057402613
61243,1.134518109139795
61253,1.134764902070948
61263,1.1357797514627492
61273,1.1360736688802318
61283,1.1369792387748479
61293,1.1372171307747194
61303,1.138138629255909
61313,1.1383789823115174
61323,1.1393064346593809
61333,1.1376236570859966
61343,1.1382181220905323
61353,1.1385656136157039
61363,1.1394662207069537
61373,1.1398467437602746
61383,1.1183270053663188
61393,1.118032488417409
61403,1.1192373942977445
61413,1.118982245507302
61423,1.1187108558805585
61433,1.1184231961601747
61443,1.1181214822909509
61453,1.117810572780962
61463,1.1205206008676911
61473,1.120369296374081
61483,1.1202090252259005
61493,1.1200324185478163
61503,1.1223421304673056
61513,1.1222773142506557
61523,1.1221870589100083
61533,1.1352936985977913
61543,1.1291924401155007
61553,1.1293784277120738
61563,1.1290202539262082
61573,1.1292123770785953
61583,1.1293901531828963
61593,1.1295529045575732
61603,1.1297042750780717
61613,1.1298420184885098
61623,1.1299609903801293
61633,1.1300592778498897
61643,1.130134385733394
61653,1.1301838086057459
61663,1.1302047157437234
61673,1.1301942987148166
61683,1.1301497456388063
61693,1.1300712655965022
61703,1.1299597428162893
61715,1.1342869988327917
61723,1.1326594935455738
61733,1.1336355228515425
61743,1.1327641408153915
61753,1.1326804650923508
61763,1.132578094910584
61773,1.148808417606483
61783,1.1489905423466191
61793,1.151981508887523
61803,1.152121864209566
61813,1.153769744527044
61823,1.154274033372982
61833,1.1555656298663723
61843,1.1560276912467553
61853,1.1564342020000793
61863,1.1567832364002775
61873,1.158047575896481
61883,1.1583951958851149
61893,1.1586950634648137
61903,1.1589440919890805
61913,1.1591431111133972
61932,1.1663563196678963
61933,1.1663563196678963
61945,1.1669277663139266
61953,1.169187450105451
61963,1.1696352832237993
61973,1.1700367962606475
61983,1.1703892961116424
61993,1.1712454163001476
62003,1.171598710144397
62013,1.1720269898956222
62023,1.1723283090508574
62033,1.172568386721485
62043,1.172744837778128
62053,1.1731528129473245
62063,1.173289291761899
62073,1.1735060819181915
62083,1.1405051706515879
62093,1.140876567022594
62103,1.1400561296077631
62113,1.1402736200400059
62126,1.1383724304833769
62133,1.1393503038266417
62143,1.1383477799768509
62153,1.1383142397977994
62163,1.1372491566897378
62173,1.1371247759890928
62183,1.1360008759868867
62193,1.1357742332167564
62203,1.1345829987722214
62213,1.1342530331526826
62223,1.1330268621773132
62233,1.131742004075596
62243,1.1303998463473772
62253,1.12900689593763
62263,1.1275668899082303
62273,1.1260786535725678
62283,1.1245447377721138
62293,1.1229715990170819
62303,1.1213580583071785
62313,1.1237145261200119
62323,1.1222751455554123
62333,1.1298824591055772
62346,1.1260276575303252
62353,1.1258198503037233
62363,1.1245481475509627
62373,1.1232627990452935
62383,1.121977029197346
62393,1.1207008714893754
62403,1.1194366039238757
62413,1.1181853516721212
62423,1.1169529366631823
62433,1.1157472525492866
62443,1.1145803963864838
62453,1.1134647303949514
62463,1.1124063038702408
62473,1.1147373782861758
62483,1.1140139070121498
62493,1.1133677078605624
62503,1.1128085530411422
62513,1.1237847207819915
62523,1.1150799561208353
62533,1.1155607686555424
62543,1.1126244345352112
62553,1.1129140377557265
62563,1.112700289253003
62573,1.1125847145261916
62583,1.1125849676157713
62593,1.1137657959285752
62603,1.1141517450791976
62613,1.1152466553562514
62623,1.116030059566285
62633,1.117305712127107
62643,1.1185203780674637
62653,1.1200623103711682
62663,1.1217404688763049
62673,1.1236244784920184
62683,1.1257103628315897
62693,1.1280007974769348
62703,1.130500796335601
62713,1.1338394620407592
62723,1.1368339446414566
62733,1.1383663544143665
62743,1.1312608105411097
62753,1.1341122061526225
62763,1.1363528979936077
62773,1.1385898361642934
62783,1.1428734089177257
62793,1.1465873932943893
62803,1.1503765026914823
62813,1.1557952706266001
62823,1.158621589804021
62833,1.1621013714710067
62843,1.168888824007237
62853,1.1723271358111822
62863,1.177364388727154
62873,1.1809587323336752
62883,1.1869081533907448
62893,1.1953890180676765
62903,1.2007970274331807
62913,1.20542549746176
62923,1.211041727360527
62933,1.2151478138781986
62943,1.2209217008166733
62953,1.226625090317231
62963,1.2346368492230972
62973,1.2406201909555248
62983,1.2477010805554998
62993,1.254041256828979
63003,1.2624869595183577
63013,1.2689494099418925
63023,1.2754675009558396
63033,1.2802011892684755
63043,1.2867619747927983
63053,1.297804456940525
63063,1.3082551843267722
63073,1.2180573911478336
63083,1.2246952925381698
63093,1.2306411164625046
63103,1.235575845302656
63113,1.240315961733405
63123,1.2451429644075798
63133,1.2491196449516682
63143,1.253569459482164
63153,1.2569307115758392
63163,1.2604553387360649
63173,1.2627805611910237
63183,1.2646819743995206
63193,1.2653601556354523
63203,1.26522789167953
63213,1.2636595781892213
63223,1.261353963483278
63233,1.2575840975889678
63243,1.2532532148348823
63253,1.2477192293198438
63263,1.2417075933934119
63273,1.2346910635707835
63283,1.2209942458579277
63293,1.212381916250175
63303,1.2009100212846684
63313,1.1912215470854104
63327,1.1284244058441522
63333,1.1155883248673684
63344,1.1030684201687888
63353,1.0885639812830104
63363,1.0828148889450113
63373,1.0696540889008128
63383,1.0592680048964827
63393,1.0468415776914974
63403,1.0364754047528477
63413,1.0237597749248213
63423,1.0060738672206353
63433,0.9934211865239879
63443,0.980890338322014
63453,0.9684985309470651
63463,0.9634624383958977
63473,0.9518677060726058
63483,0.9405323455485867
63493,0.9294466044920251
63503,0.9048615592199295
63513,0.9048615592199295
63523,0.9138677975958336
63533,0.9249134919510488
63543,0.9231652796935884
63553,0.9153279533854627
63563,0.9099548468004048
63575,0.9029287650375083
63584,0.8964459870646798
63596,0.8884330025449803
63603,0.8830228168085726
63613,0.8753964087024342
63624,0.8691685585393514
63633,0.8627419149633951
63643,0.8556559042440164
63653,0.8503867155009912
63663,0.8450623313930228
63673,0.8388088282482652
63683,0.8319052318483147
63693,0.8256583929046993
63703,0.8195026292193759
63713,0.8135231486579144
63723,0.8077788901040206
63733,0.8040359197945841
63743,0.7950523188152128
63753,0.7925742902299204
63763,0.7876081261031286
63773,0.7830693648878188
63783,0.7788001946955708
63793,0.7749356836681901
63803,0.7704546742050964
63817,0.7670507190174
63823,0.7629875398955991
63833,0.7599580557900859
63843,0.7566204114917428
63853,0.7541672201405942
63863,0.751761346105677
63873,0.7431297903343567
63883,0.7433555189573414
63893,0.7411693926092681
63903,0.7423021364059743
63913,0.7404169320792201
63923,0.7386648190799169
63933,0.737034231451518
63943,0.7391335126954199
63953,0.7378459489968913
63963,0.7358285936526652
63973,0.733963296047506
63983,0.7322787622711392
63993,0.7306067173061329
64003,0.7276186650830898
64013,0.7261268909146108
64023,0.7251556728659061
64033,0.7197528056683975
64043,0.7187092773984739
64053,0.7165221933524544
64063,0.7160754122062792
64073,0.7140499710673779
64083,0.7124985772690018
64093,0.7125434079971543
64103,0.7117571586371076
64113,0.7119714439045713
64123,0.7105213180881569
64133,0.7112888714136097
64145,0.7161818249771638
64153,0.7177675908999479
64166,0.7158092115160821
64174,0.7171810118890956
64186,0.7175691580437424
64194,0.7192099431335525
64206,0.7224662277577436
64214,0.7248676703971513
64226,0.7290700521722024
64233,0.7304438020450789
64243,0.7258643358006305
64253,0.7268623014866211
64263,0.7315995642326565
64273,0.7333702748904837
64283,0.7388398542598098
64293,0.7447256468152842
64304,0.7484773627018879
64313,0.7594564961009423
64323,0.7627892441720137
64333,0.7717808631808384
64343,0.7775535942902226
64353,0.7864142899322082
64363,0.7954755910215053
64373,0.8046302988714465
64383,0.8053387285397642
64393,0.8077534837446809
64404,0.8169643269251815
64414,0.8256181959974702
64423,0.8342922539059136
64434,0.8430672964063998
64444,0.8519963088451995
64453,0.8640904683318826
64463,0.877260095866847
64473,0.8906292748165975
64483,0.9040801711402426
64493,0.9134966451789499
64503,0.9274978277268996
64513,0.9376071282108607
64523,0.9531854956940965
64533,0.9641486853372893
64543,0.9823100948318085
64553,1.002037878691072
64563,1.0115947734372843
64573,1.0290644870017265
64583,1.0521136188083853
64593,1.066210911292856
64603,1.0867506973259866
64613,1.1038534065762446
64623,1.103831293359704
64633,1.1182620505827692
64643,1.1478069920470366
64653,1.1770592193281992
64663,1.2092301115962116
64673,1.2088678567066509
64683,1.2285559391087248
64693,1.2465730387788643
64703,1.265205447809743
64713,1.2836600485724778
64723,1.2999329259338128
64734,1.3171999631807672
64743,1.3447175615528266
64753,1.3619292481272418
64763,1.373958394731863
64773,1.3763839316797188
64783,1.3909024823876868
64793,1.3976980259384857
64803,1.4076116295752046
64813,1.4207199413870013
64823,1.432518855994439
64833,1.4446797281081643
64843,1.456587561715513
64853,1.4683015069614211
64863,1.4517411376139757
64875,1.4622258231793164
64883,1.4710221980340246
64893,1.4800110960077555
64903,1.4886408796546668
64913,1.4969368384612933
64923,1.5049278106022799
64935,1.4840715736674115
64943,1.488182830127208
64956,1.4875134328755337
64963,1.488885838269136
64976,1.4632758021862229
64983,1.4623099606228909
64998,1.4561661866206357
65003,1.4562182401032653
65016,1.4527351628943688
65023,1.4517335538082625
65034,1.4485657053104526
65043,1.4479863980114236
65053,1.445224302168416
65063,1.4471385354963582
65073,1.4478835725301145
65083,1.448881476602591
65093,1.4498048862225346
65103,1.4506959549607015
65113,1.434697250246863
65123,1.4277080496934123
65133,1.4282201787526712
65143,1.4243751255731338
65153,1.4243956549722832
65163,1.4244805188432645
65173,1.4246208421038458
65183,1.4246485578029076
65193,1.4248872851674843
65203,1.4141985302349949
65213,1.4134703123890338
65223,1.409217554534854
65233,1.392441932807696
65243,1.3906136294596825
65253,1.3895019205428552
65263,1.3831880461215174
65273,1.3765990788622213
65283,1.372794095271561
65293,1.370688475844419
65303,1.3685116400025217
65313,1.3662612218071701
65323,1.3606717008855096
65333,1.3581408377933832
65343,1.35348409855592
65353,1.3507479536587925
65363,1.3480143488393996
65373,1.3453027962981468
65383,1.342622105184715
65393,1.3399667418449819
65403,1.3321368108484675
65413,1.3289087070122167
65423,1.3236101920359529
65433,1.3200827889010722
65443,1.3151521387025762
65453,1.3113682962074245
65463,1.3064507733800865
65473,1.3023958794438355
65483,1.2982551955602373
65493,1.294027712022934
65503,1.2897140181141784
65513,1.2853256182905068
65523,1.2808842006006798
65543,1.3114762912601554
65543,1.3114762912601554
65553,1.313553314519698
65563,1.3108343357380623
65573,1.3081275099829806
65583,1.3054440776417886
65593,1.3027959404284222
65603,1.300187172221264
65613,1.2976211605088577
65623,1.2951075366952876
65633,1.2926521196268221
65643,1.2902541467454303
65653,1.287914212844953
65663,1.2856322578797084
65673,1.2656142476720367
65683,1.2625771055901887
65693,1.259600536793114
65703,1.2566889086071547
65713,1.2371208180734534
65723,1.241789739831296
65740,1.1558245520193486
65743,1.1558245520193486
65753,1.1510310141102316
65763,1.1386745087893082
65773,1.1334883486018592
65783,1.137816654682644
65793,1.1340701312575128
65803,1.12970196235018
65813,1.1191188815797422
65823,1.1147621895903337
65835,1.1078550234145332
65844,1.0977585192141348
65853,1.0988700848892972
65865,1.0872000193165514
65873,1.0884659758646487
65883,1.0835646072271792
65893,1.0793203198075922
65903,1.0753061658253287
65913,1.0712031677524503
65923,1.0673943702398614
65933,1.060572660495896
65943,1.0568905312832286
65953,1.0532986249382388
65963,1.0498666513256725
65973,1.046359944557896
65983,1.0450304823978136
65993,1.0420949605185608
66003,1.0393072343858278
66013,1.0366706764520905
66023,1.0341853617605543
66033,1.038577814696585
66043,1.035922357921829
66053,1.0322036773520882
66063,1.0230288462732042
66073,1.0213988732533736
66083,1.0199184710324367
66093,1.0185898369781987
66103,1.019015017498931
66114,1.017957419123335
66123,1.0161810727068796
66133,1.009001471651882
66143,1.008405590655695
66153,1.0079818681817352
66163,1.0077215710695446
66173,1.0076269794119934
66183,1.007708356908681
66193,1.0079745961369555
66203,1.008423634501437
66213,1.0056330591770797
66223,1.0062604889262132
66233,1.0058645038295697
66243,1.0068039194948193
66253,1.0072706892194434
66263,1.0085501895795235
66273,1.00953374750464
66283,1.0111116901484885
66293,1.0123368403556554
66303,0.9967565812138648
66313,0.9958886714183205
66323,0.9969501823821459
66333,0.9962803718521741
66343,0.9975209431092016
66353,0.9989085185107818
66363,1.0011031258987377
66373,1.0094122518951782
66383,1.0109094469287077
66393,1.0096161920968496
66403,1.0084283439776136
66413,1.0107982828883741
66423,0.8791539206277175
66433,0.8789411498502918
66443,0.8796359026743862
66454,0.8655701626583808
66464,0.8679949372426549
66473,0.8676455479465973
66483,0.8677085807358189
66493,0.8681218474527085
66503,0.8692918710570506
66513,0.8708222791228781
66523,0.8722920469518893
66533,0.8730325067559491
66543,0.8737917870451674
66553,0.8749497711217296
66563,0.8767531288726518
66573,0.8777289033294332
66584,0.8795297702185194
66593,0.8810303446056801
66603,0.8830010726973662
66613,0.8847933178655226
66623,0.8868580282894929
66633,0.8917667985117104
66643,0.893506467563538
66653,0.8957787825251149
66663,0.8980824571390289
66673,0.9017945375285248
66683,0.9062986722554938
66693,0.9082383552181367
66705,0.9111079955028063
66713,0.9142774777486419
66723,0.9170444503046553
66733,0.9202431548963917
66743,0.9236079692230764
66753,0.9269995946498916
66763,0.9304719423847664
66773,0.934022487829641
66783,0.9416777918633924
66793,0.946078357791809
66806,0.9533484118710882
66813,0.9558492599742964
66823,0.959997477846216
66833,0.9641821703475861
66843,0.9696234578856505
66853,0.9720764641959361
66864,0.9737637115987465
66873,0.9798853338936405
66883,0.9854659323453271
66893,0.9898472666290937
66903,0.9932463935710866
66913,0.997687071629132
66923,1.0012902516381985
66933,1.0049149047388117
66943,1.0084712378894296
66953,1.0132129308436866
66963,1.0166844267165553
66973,1.0211737969475667
66983,1.0256729661565622
66993,1.0301788615405647
67003,1.0338046627418014
67013,1.038327817215302
67023,1.0397926120314371
67033,1.0441735153061817
67043,1.0470989431558246
67053,1.05754970513546
67064,1.059476367021933
67074,1.0659453766940121
67083,1.0718275768086165
67093,1.078281848352531
67103,1.0830064171919673
67113,1.0873985042246677
67123,1.0920477768635428
67135,1.096671425892422
67143,1.101445700099469
67153,1.1062326651241523
67163,1.1110238503523524
67173,1.1158144935331038
67183,1.116117506091889
67193,1.1217729563531584
67203,1.122129308095586
67213,1.1266733977042414
67223,1.1275661956451162
67233,1.1320373845498588
67243,1.1340133600496525
67253,1.144632408015028
67263,1.1458092818582115
67275,1.151150955108954
67283,1.1523265186873644
67293,1.1568905700254895
67303,1.1571846680154863
67313,1.1622631764584697
67324,1.1634114080595437
67333,1.1674256602552098
67343,1.168240131273015
67353,1.172787044482048
67363,1.1734242316190138
67373,1.1779061111494313
67383,1.1783331289670862
67393,1.1807831141832335
67403,1.1850138782712927
67413,1.1892401862951305
67423,1.1935262593228706
67433,1.1978490603076624
67443,1.2022149269292373
67456,1.2082356513091494
67464,1.2113382709556972
67473,1.209587751568003
67483,1.213911826697295
67493,1.2107466538584513
67503,1.214397191224215
67513,1.2114813629455154
67523,1.2155738942729577
67533,1.2128416694304072
67545,1.217083146659112
67553,1.2153999674109435
67563,1.219508556234947
67575,1.216735454370858
67583,1.2194360121683112
67593,1.2169183175919405
67603,1.2200971218914207
67613,1.2169681059637023
67623,1.221046407403976
67633,1.2179960789260087
67647,1.2202362420192432
67653,1.2175232664970874
67663,1.2201498585853454
67673,1.2166632722977329
67683,1.2217651061097183
67693,1.2173793598938056
67705,1.2200209505570734
67713,1.2159169591165624
67723,1.2190759274802745
67733,1.2131845502933778
67743,1.2193724277136753
67753,1.21474887685284
67763,1.2186981287509184
67773,1.2138984302346285
67783,1.2180233539064593
67793,1.2091656172156617
67803,1.213125141569049
67813,1.2075002365045493
67823,1.2114438281596933
67833,1.2154755113377504
67843,1.2196017399846835
67853,1.2238207746848717
67863,1.2281311123253138
67873,1.2295568453653247
67883,1.234203276175109
67893,1.2396790479115738
67908,1.2431421539332543
67913,1.2478788056436934
67923,1.2541146919171566
67933,1.2588275595721683
67943,1.262778496914013
67953,1.2679921059135117
67963,1.2733148913030505
67974,1.277445298297937
67983,1.283793105173456
67993,1.2906818293437314
68005,1.2940206113624388
68013,1.3007025623762465
68023,1.3067772852557
68033,1.3004298114417916
68043,1.3060109298601075
68053,1.3103073824806521
68066,1.3143175496121133
68073,1.3208110118607217
68083,1.3266329611279133
68093,1.2949775782727122
68103,1.2713176952610667
68113,1.2764658431427391
68123,1.2700129808896123
68133,1.262176845152342
68143,1.2442751759282622
68153,1.249191593421715
68163,1.233445108653777
68173,1.238337197776968
68183,1.221015490502964
68193,1.22566603615513
68203,1.2113164043875135
68213,1.2159634928838015
68223,1.202294241109911
68233,1.2038300065950551
68245,1.191580582114745
68253,1.1957225359175878
68264,1.1823436737096171
68273,1.1863806234494825
68283,1.1729793866747193
68293,1.1775528960117605
68303,1.1649055374934538
68315,1.1677220432761743
68323,1.1552298095056952
68333,1.1588851449427673
68343,1.1465339919316901
68353,1.1510410822798323
68364,1.138571379512351
68373,1.1430109251025313
68383,1.147377929292626
68393,1.1515646321184283
68403,1.1373888037942699
68413,1.1400176877452752
68423,1.1416612865958304
68433,1.1424211189121727
68443,1.1176698758849772
68453,1.11674557067985
68463,1.1153759787466104
68473,1.1112761262092943
68483,0.8150885199922693
68493,0.8065209724930359
68503,0.7988302200400361
68513,0.7874386638166304
68525,0.7768393556536727
68534,0.7640400929995618
68543,0.7500958913616325
68553,0.7349895419594202
68563,0.720947848668815
68573,0.7057228119402777
68584,0.6913780744476051
68595,0.6765190377973617
68603,0.6618110539379162
68613,0.6476825560543406
68623,0.6348769580698507
68633,0.621708769942305
68643,0.6091298065019605
68653,0.5970889721428135
68663,0.5834894329326138
68675,0.573515976553693
68683,0.560741862970081
68693,0.550085693836126
68704,0.5442365370914554
68713,0.5346484747894602
68723,0.5253902520412931
68733,0.5164109611452202
68743,0.510620854697477
68753,0.5019991195539061
68763,0.43445293497019866
68773,0.4247787701275021
68783,0.41821149017158876
68793,0.4091630860162074
68803,0.4028378857762605
68813,0.39431334480443153
68823,0.3863589766284584
68833,0.378557549437454
68843,0.3709596615090225
68853,0.36383527742888433
68863,0.35729330395195347
68873,0.3513668888980863
68883,0.3459701895611616
68893,0.3409625624830558
68903,0.33624273414315586
68913,0.3318070034833871
68923,0.35226085895981973
68933,0.36625927946056747
68943,0.3556554941440838
68953,0.3552744925493594
68963,0.3572964536200129
68973,0.3597945515575149
68983,0.35504312119115455
68993,0.35229907625654566
69003,0.35216007096950885
69013,0.35294079801355155
69023,0.35139149319633006
69033,0.3511987716335495
69043,0.35109689131206523
69053,0.35099666478615354
69063,0.3508340789054785
69073,0.35060798948500493
69083,0.3503239324637102
69093,0.3500513056246494
69103,0.3414763468969746
69113,0.3406924965255441
69123,0.3398558483712818
69133,0.3389359094425277
69143,0.33795280771283864
69153,0.3450769488336307
69163,0.3445327347451247
69173,0.3401561817097824
69183,0.33955419207654747
69193,0.34466270429352247
69203,0.34490799302636616
69213,0.3436367024649229
69223,0.34454949221635395
69233,0.345765017936154
69243,0.34722699097360704
69253,0.34623234614564424
69263,0.35117286124412517
69273,0.3529556919488015
69283,0.35765937428185846
69293,0.36087400491936567
69303,0.3652443631988707
69313,0.36775178713074874
69326,0.3696366940088312
69333,0.37454762688379145
69346,0.3768383839205153
69353,0.38472932567261603
69363,0.3908153171486184
69373,0.3973066001934352
69383,0.40423010097221235
69393,0.40435576032273207
69403,0.41135227421787324
69413,0.4187484913038035
69425,0.4139546763331987
69433,0.4203168687800207
69443,0.42673717430750474
69453,0.43061435064072917
69463,0.43674069562657997
69473,0.4428737882615157
69483,0.4490791256397367
69493,0.476634404820771
69503,0.47297986874963677
69513,0.4842192979951262
69523,0.491851029932528
69535,0.4996564246877116
69546,0.5100289813163399
69553,0.5152310918434664
69566,0.5227177318027514
69573,0.5506514315118981
69586,0.5594121146701198
69593,0.5666634418799523
69603,0.5939197185016
69613,0.6035767073259863
69623,0.6246057075556389
69633,0.6330462376958612
69643,0.6427797191711484
69653,0.6520728944869979
69665,0.6719022295628957
69673,0.6808506361352821
69683,0.6894711615677342
69693,0.7001543969081021
69703,0.7107499332660765
69715,0.7179299549365541
69723,0.7340697510551797
69733,0.7534743670902875
69743,0.7768648837263338
69753,0.7814854794422043
69763,0.8054038080787824
69773,0.8181384637691215
69783,0.8382847456288429
69793,0.8489995005979696
69803,0.8755600868256215
69815,0.8812997416678325
69823,0.8936294800951408
69833,0.9067918310613665
69843,0.9175623026060088
69853,0.925284411578073
69863,0.9437833735154924
69873,0.9514903444352419
69883,0.9637497292618307
69893,0.9736961852410235
69903,0.9811274065496431
69913,0.9886468765816591
69923,0.9970482370846157
69933,1.0071100023159305
69945,1.0171131766342578
69953,1.0275438508012826
69963,1.038159856402146
69973,1.0488900549979017
69983,1.059305486708408
69993,1.0699387306265706
70003,1.0805708240782976
70013,1.0855317090120227
70023,1.0790951720750006
70033,1.0870627727217863
70043,1.0969347909996283
70053,1.1052471284531251
70063,1.1069695993084205
70073,1.1167152283466317
70083,1.1223480739109464
70095,1.1305108128009747
70103,1.1398466002832295
70113,1.1474070463536592
70123,1.15418453583823
70133,1.1602928341689354
70143,1.1653367638743142
70153,1.1706654218502133
70163,1.1631064871350965
70173,1.1675144087933056
70183,1.1722021626587211
70193,1.1762016640324728
70203,1.1797528591079172
70213,1.1827972866876897
70223,1.1853647366439808
70233,1.1875453525463233
70243,1.1917942184814376
70253,1.1936086091932805
70263,1.1958524157153299
70273,1.1975639068713817
70283,1.1770712725626737
70293,1.1776118389593315
70303,1.174239914251691
70313,1.1745312378933097
70323,1.1724368363082338
70336,1.1700004488467204
70343,1.170153259104848
70353,1.1703636652668679
70363,1.1681203803317715
70373,1.1683780402609776
70383,1.1671060684514145
70393,1.1674545429843202
70403,1.1683047570740992
70415,1.1661210222739309
70423,1.1633654565796754
70433,1.16394283651727
70443,1.1631951617065575
70453,1.1639109149853344
70463,1.1643735149019718
70473,1.1651710041268446
70483,1.1657243121322642
70493,1.1664928830141608
70504,1.165928963449168
70513,1.1666889715876732
70523,1.1660553062776922
70533,1.1668178584228655
70543,1.1676071954358982
70553,1.1684145872404157
70563,1.1692269171131888
70573,1.1700351763218244
70583,1.17095685607053
70593,1.1718221854447275
70603,1.1703137411611828
70613,1.1711861539592672
70623,1.1725173351104592
70634,1.1752950458027709
70643,1.1749104272240158
70653,1.1757310624627306
70663,1.176276918702987
70674,1.1774449868425192
70683,1.1782151538661054
70694,1.178402708635029
70703,1.179741409803066
70713,1.1804496439166923
70723,1.1811237855680046
70736,1.1805475973945976
70743,1.1805189992302114
70754,1.1814729034608888
70763,1.1819995885811552
70776,1.1820979478616414
70783,1.1827518711687104
70793,1.183315056922144
70803,1.1646631625694426
70813,1.164595001074928
70823,1.1645013043094377
70836,1.164562179135344
70843,1.1644652758408847
70853,1.1654978153032698
70863,1.1653883239797456
70874,1.1671467999175718
70883,1.1629780410498847
70893,1.162858423330674
70903,1.1627351483327462
70913,1.1633512362328622
70923,1.1632864807546024
70935,1.1626725387375845
70943,1.1589201162053027
70955,1.1584846686611276
70963,1.1583603171055696
70973,1.1582725867372092
70983,1.1582238736216814
70994,1.158281056958307
71003,1.1583182775884675
71014,1.1584768283140532
71023,1.1586019106520646
71034,1.160737069471023
71043,1.1610477032670052
71053,1.1623963231099907
71063,1.1526193019005981
71073,1.1526934073782658
71083,1.152850270158287
71095,1.152985320782072
71103,1.1531234775942332
71120,1.1565144340184488
71123,1.1565144340184488
71140,1.15226507415369
71143,1.15226507415369
71160,1.1526919050148208
71163,1.1526919050148208
71180,1.1531456553741346
71183,1.1531456553741346
71200,1.1536787270610345
71203,1.1536787270610345
71215,1.1526206141383466
71223,1.1528177700503643
71235,1.1570564763454823
71243,1.1574472399130638
71253,1.1593020093456285
71263,1.1606193813929788
71273,1.163233698261554
71283,1.150936330442904
71293,1.1518339191421925
71303,1.1505986399147572
71313,1.151320023573905
71323,1.1503163838768968
71333,1.1506183740858378
71343,1.1509470086358735
71358,1.1539078990655045
71363,1.1520812878146982
71376,1.1526514155795167
71383,1.1523158973588439
71393,1.1525168242203847
71403,1.153725072095951
71413,1.154429746606758
71423,1.1554481605092881
71433,1.157745104249399
71443,1.1586854652846332
71453,1.1596682749335585
71463,1.1608781132293415
71475,1.1601161303355099
71483,1.1611373226119042
71493,1.1628619398927458
71503,1.1668028686089238
71513,1.1684296412628796
71523,1.1697700755889384
71533,1.171306040530393
71543,1.1727638225664152
71553,1.1742870677531674
71563,1.1778845414953476
71573,1.1789760082416059
71583,1.181195835268138
71593,1.1822748386236523
71603,1.1845251535667896
71614,1.1864350307260747
71623,1.1879994214381526
71633,1.1893755808314643
71643,1.1914480101793585
71653,1.1925282631619833
71663,1.1946060911528171
71673,1.196038477277157
71683,1.1976919045415328
71693,1.1990797138183
71703,1.200695124824023
71713,1.2021375577959523
71723,1.2029704807944381
71733,1.2041783019370238
71743,1.2053295973131681
71753,1.2066323865974098
71763,1.207760095954717
71773,1.2100921913474934
71783,1.2102494153757446
71793,1.2125661662154785
71803,1.213261485999134
71813,1.2157392914547775
71823,1.2173132999809788
71833,1.218782639612689
71843,1.2197715761954686
71857,1.2208964379108367
71863,1.2228634348818175
71873,1.224383194933277
71883,1.2262962927808148
71893,1.227803201311989
71903,1.2293807937154255
71913,1.2309918909968052
71923,1.2326477647650125
71933,1.2336006950428888
71943,1.2352671769531167
71953,1.2370249118631773
71963,1.2388171988969396
71973,1.2406486827807057
71983,1.2425206621792413
71993,1.2424011144634135
72003,1.2444309286206188
72013,1.244722810392163
72023,1.250893351038331
72033,1.2515132480516438
72043,1.2539310624467122
72054,1.2525182520254161
72063,1.255898716416987
72074,1.2551509425586465
72083,1.2573451935144646
72093,1.258013913694787
72103,1.2602594324990748
72113,1.2608486009407809
72123,1.2649243124796314
72133,1.2653990732559728
72143,1.2677997011951656
72153,1.2681754608689715
72163,1.2705715992878428
72175,1.2702349445735888
72183,1.2725963029515914
72193,1.274972920565856
72203,1.27736387547768
72215,1.279513237901022
72223,1.2819142343086516
72233,1.2843424536146744
72243,1.2868034787380545
72256,1.2881544421178295
72263,1.2906234413156257
72273,1.2931536531057912
72283,1.2957475701174253
72295,1.2982634162858102
72303,1.3009887274433893
72313,1.3027940124027202
72323,1.3055729449656395
72333,1.3084122184903322
72343,1.3116821931412705
72353,1.3146791518525944
72363,1.3177525161759294
72373,1.3212800799831492
72383,1.324533534008088
72393,1.3280457775836796
72403,1.3314803895429115
72413,1.3349988328273477
72423,1.3385994006942559
72433,1.3422170235758284
72443,1.345985278540123
72453,1.3497939256476394
72463,1.3537252503721995
72473,1.3576543034312765
72483,1.3617399444370657
72493,1.3657875204154464
72503,1.3700384989229373
72513,1.3742899005958955
72523,1.3785761687507314
72533,1.382653858785267
72543,1.3869823904154281
72554,1.3703677789272948
72563,1.3582624937944954
72573,1.3618100646255709
72583,1.3651804326425914
72593,1.3680482031045988
72603,1.3713864418880126
72613,1.3746000590894538
72623,1.3778965363356828
72633,1.3811099057569642
72643,1.3847402101078652
72653,1.3881884385056407
72663,1.3871252220640942
72673,1.388707539083716
72683,1.3914894007190988
72693,1.3943099963730456
72703,1.3969585506259854
72713,1.3995103761024352
72723,1.4020114343841157
72733,1.4044551069915006
72743,1.4068275028471067
72753,1.4090474796452594
72763,1.4112766163805976
72773,1.3965331415638562
72783,1.3938782550564852
72793,1.3778449617407078
72803,1.3750676574009764
72813,1.3624798877209146
72823,1.359410692317804
72833,1.3495285519482778
72843,1.3462342160073364
72853,1.334044858366875
72863,1.3343246551361476
72873,1.322874765967065
72883,1.3229434969155496
72893,1.3228840402981705
72903,1.3228845698678868
72913,1.3123225700268697
72923,1.3122312502831996
72933,1.31202258519486
72943,1.3119708783708335
72953,1.3117794985913895
72964,1.3037911399138367
72973,1.2943833020727493
72984,1.293512883363193
72995,1.292831428502832
73003,1.296908845717041
73013,1.2832691213741851
73023,1.2833457618224586
73034,1.270587272343542
73044,1.2715590809246398
73054,1.257816529775306
73064,1.2587232603951808
73073,1.2584548454401565
73083,1.2591719519743365
73093,1.2600514501218085
73103,1.2610989483160455
73113,1.2623177150724063
73123,1.2637094012871295
73133,1.2652788429289736
73143,1.267029059026473
73153,1.2689642279748938
73163,1.2710914187411593
73173,1.2668182890885462
73183,1.2691661625855928
73193,1.2514466134186661
73203,1.2539331330245078
73213,1.2373998972139604
73223,1.240027180659619
73233,1.2248218170549798
73243,1.2275932581348776
73253,1.2305050424488908
73263,1.2335585411211076
73273,1.2367517354371955
73283,1.240079294177902
73293,1.228438856111335
73303,1.2318638672625626
73313,1.235411825272641
73323,1.2390481177027088
73333,1.2428537167322893
73343,1.2467875853598807
73353,1.2508503477047004
73363,1.2550409321142495
73373,1.2447076155199284
73383,1.248893169421486
73393,1.2296023671530016
73403,1.233718709501377
73413,1.2157207657389872
73423,1.2197830541950938
73433,1.223925446916345
73443,1.228143136464654
73454,1.2247913117684572
73463,1.2287946762706385
73473,1.232876159354169
73483,1.2370403628097069
73493,1.2412826677719953
73503,1.247231834921788
73513,1.2513735670427588
73523,1.2558916160878615
73533,1.2604759406415724
73543,1.265128903026575
73553,1.2555710448679878
73563,1.2584690049432081
73573,1.2284290841801713
73583,1.2334451670518702
73593,1.2374609499725469
73603,1.2415444313562538
73613,1.2456969818967045
73623,1.2499122898574182
73633,1.254180951771756
73643,1.2637711792442594
73653,1.2630647818811187
73663,1.2675229246633388
73673,1.2720384104976405
73683,1.2755022832865788
73693,1.282233121329726
73703,1.285402659611835
73715,1.2906203144648558
73723,1.2954222241400666
73733,1.300314640348839
73743,1.30530121537476
73753,1.3102565359561669
73763,1.3154287185017834
73773,1.3206897740715073
73783,1.3273525788199143
73793,1.3328755838014614
73803,1.339229785991275
73813,1.3449921192763512
73823,1.329783410794401
73833,1.3332834790234775
73845,1.3379020908762473
73853,1.342949372763014
73863,1.347772532429784
73873,1.352930808491998
73883,1.358149897392237
73893,1.3634289898483167
73903,1.2881359050779253
73913,1.2926625366737856
73924,1.246306068442702
73933,1.2504949907235556
73943,1.217728278452032
73953,1.2217275272342456
73963,1.1963060612762566
73973,1.20016361600766
73983,1.1797314169262605
73993,1.1835132175652694
74003,1.1660460472689838
74013,1.1697528659148835
74023,1.1548375865416538
74033,1.158474436757451
74043,1.1453512413731346
74053,1.148114728290046
74063,0.9790719052165531
74073,0.9810600299559554
74083,0.9827881109561287
74093,0.9848092333457817
74103,0.9874108227691988
74113,0.9894951191056688
74125,0.9884670654329134
74133,0.9901915418284387
74143,0.9893947983765855
74153,0.9912954914704459
74163,0.9902395406528317
74173,0.9920191238748829
74187,0.9949567555062799
74193,0.9964858314365035
74203,0.9979905629296406
74213,0.9999243543963023
74223,0.9895831449508294
74233,0.9907544275418972
74243,0.9919220382604376
74253,0.993091348165828
74267,0.9950398163388016
74273,0.9958911264005719
74285,1.002544025943599
74293,1.0041052281283167
74303,0.9946452127574105
74313,0.9955270713856659
74323,0.9972798649202456
74333,0.9986278271526201
74343,0.9957075813505573
74354,0.9955026924608116
74363,0.9962879590608478
74375,0.9976998932455042
74383,0.9985016672820063
74395,1.000382080871796
74403,1.001196564762633
74413,1.001984474884689
74423,1.0048468131615722
74433,1.0057292608608295
74443,1.007336144456719
74453,1.008251876540727
74463,0.9986566291727605
74473,0.9991072035370212
74483,0.9979760978719256
74493,0.9983852667324697
74503,0.9999983518201937
74513,1.0004243207570813
74525,0.99950215599851
74535,0.9993391028014013
74543,1.001073788460294
74553,1.0011693887611657
74563,1.001528038602386
74573,1.0018612006583019
74583,0.999895127778055
74595,1.0025661769698366
74603,1.0009229024538282
74613,1.002727465364428
74623,1.0009787813530426
74633,1.0012700899973628
74643,1.0015439437954214
74653,1.0035188142865379
74665,1.004133943045284
74673,1.0054157408574471
74683,1.0012995145051022
74693,1.0032772373521457
74703,1.00165446377199
74713,1.0019139111571336
74725,1.0002086974852695
74734,0.9999501655102868
74743,0.9993430482887441
74753,0.9994273005578393
74763,0.9995109254560479
74773,0.9995993770700999
74783,0.9966970892026754
74795,0.9993559451272721
74804,1.0001873530809633
74813,1.0002797035171176
74823,1.0003641422361094
74833,1.0004414449225187
74843,1.0005091187080342
74853,1.0030242161382619
74863,1.0032518608194163
74873,1.003480930164672
74883,1.003717815803192
74893,1.005412876040869
74903,1.0057716480916858
74913,1.0067752356876667
74923,1.0072049743965175
74933,1.0076551635009197
74943,1.0090734044143475
74953,1.0104086180710676
74963,1.0110144829062677
74973,1.0116481627290679
74983,1.0108781124285433
75000,1.0109978903255241
75003,1.0110002764600445
75013,1.0121785451347416
75023,1.0124361351275557
75033,1.0131219560581861
75043,1.0138351022318386
75053,1.0145742549936148
75063,1.0143752512894175
75073,1.0151526965636604
75083,1.0159706574374419
75093,1.0168313078532316
75103,1.0177373395161695
75113,1.018687859121127
75123,1.0181658245034586
75133,1.01907909457534
75143,1.0205028581442463
75153,1.0232759635491138
75163,1.0241904049779849
75173,1.025345863625967
75183,1.0265840125077401
75193,1.0263485238068102
75204,1.029761364995124
75215,1.0290981120532985
75223,1.0302736530880536
75233,1.0316966443989861
75243,1.0331928710313751
75253,1.0347622137787817
75263,1.036184223033182
75273,1.0378942573932761
75283,1.0392661097882423
75293,1.041120770798543
75303,1.043063619581355
75321,1.0498495835348787
75323,1.0498495835348787
75336,1.0521093172794103
75343,1.0545676021867758
75353,1.058034223361626
75363,1.06073143544337
75373,1.1052226343775162
75383,1.1084591454351855
75393,1.1117407619258466
75403,1.1157511989597448
75413,1.12000957356208
75423,1.1234970785633218
75433,1.127653058655338
75443,1.1329344496926765
75453,1.064055324235528
75465,1.0668250749067403
75473,1.0682743163178665
75483,1.070095655723025
75493,1.069307029043582
75503,1.071215709068127
75513,1.0731243879048098
75523,1.0041136744355759
75533,1.0044947230797288
75543,1.0059784997695398
75553,1.0059242210800345
75563,1.006355036718046
75573,1.0067715926695937
75583,1.0085456309436789
75593,1.017218267917567
75603,1.0180895077225287
75613,1.0211415569329725
75623,1.0220686039686633
75633,1.0242000352263654
75643,1.0251599614871114
75653,1.0261062885642305
75663,1.0270709861623633
75673,1.0280060846429493
75683,1.0289285446274177
75693,1.0311346146271758
75703,1.0321112707414473
75713,1.0335689644169468
75723,1.0369880214490705
75733,1.0380458759271205
75743,1.0395068222499462
75753,1.0404331953094548
75763,1.041196914101522
75773,1.0421280665898995
75783,1.0425806131346371
75794,1.042133458788498
75803,1.0416088984140686
75813,1.0400206837574315
75823,1.0381212725854057
75833,1.0354392499297138
75843,0.9960240883498915
75853,0.9908746971936065
75863,0.9841963086943422
75873,0.9774753165583523
75883,0.9689490132671311
75893,0.9642210990592568
75905,0.9526367196478807
75913,0.9450573161861267
75923,0.9315608350367031
75933,0.9196841499109177
75943,0.9021885834381125
75953,0.8905957421960917
75963,0.8769343713222831
75973,0.863423590309069
75983,0.848042964257057
75993,0.8344331821957044
76003,0.8209015745669158
76013,0.8075794419154709
76023,0.7945833782046974
76033,0.7819617692161461
76043,0.7730535681078402
76055,0.7617699977136654
76063,0.7503852970439429
76073,0.7386613762094115
76083,0.717750892556088
76093,0.7084712073708446
76103,0.7039373610521938
76113,0.6941333360947927
76123,0.6855705409717863
76133,0.6762256233879725
76143,0.6696111118535126
76153,0.6608004996929122
76163,0.6524731844834728
76173,0.6448283326023092
76183,0.6333797664027312
76195,0.625726506132166
76203,0.6188273499152512
76213,0.6108747654685606
76223,0.6147254373554051
76233,0.6078093822196707
76244,0.6001047537747229
76253,0.5990406484633517
76263,0.5928261693557914
76273,0.5888970722993393
76283,0.5834181045941847
76293,0.5782202380595511
76303,0.5732613117267769
76313,0.572414283296599
76323,0.5637297256501266
76333,0.5540533260736037
76343,0.5491849908218468
76353,0.5444941031317023
76363,0.5400018422026158
76373,0.535732537104537
76383,0.5224432538317927
76393,0.5181550483506482
76403,0.5121229498296762
76414,0.517424309270766
76423,0.5153944752008226
76433,0.5132515720088849
76443,0.5101197777798553
76453,0.5081661585130138
76463,0.5062701262714573
76473,0.504429012751022
76483,0.502673193618207
76493,0.5010457711814895
76503,0.4995751302959284
76513,0.5003035452459184
76523,0.4992212104247509
76533,0.49825798382920605
76543,0.49737008705158015
76553,0.49977955269287594
76563,0.49909060943066347
76573,0.4985176002526841
76583,0.4980859740179452
76593,0.4978278245912533
76603,0.47293943637014524
76614,0.480567629446822
76623,0.4787656808771653
76633,0.4756386106203482
76643,0.47534903757197056
76653,0.4715867266367608
76663,0.4706972654924011
76673,0.4708503325336655
76683,0.465385819315291
76693,0.4636644558998489
76703,0.4608351573731739
76713,0.4594377355383075
76723,0.4587487306424262
76733,0.4578612994542014
76743,0.45697817831047965
76755,0.47672831731568494
76766,0.47485189066817307
76773,0.4765996814287269
76783,0.47436551798831295
76793,0.47638790779131135
76803,0.47780310944608984
76815,0.48243081478297095
76823,0.4849441028853483
76833,0.481669320864738
76843,0.4832667184446679
76853,0.4832893868951012
76863,0.48652442877011987
76873,0.4859922979687102
76883,0.48815247394111344
76893,0.49062044575584757
76903,0.4977481078731148
76913,0.4936595643042537
76923,0.4965928436358233
76933,0.4995489037608348
76943,0.5033694978974068
76953,0.506602020774003
76963,0.5101824654498389
76973,0.5284382893113715
76983,0.5337230286893037
76993,0.5251964685092695
77003,0.5296185362539512
77013,0.531928883886235
77023,0.5361330763557134
77033,0.5402782030937778
77043,0.5444232748892095
77053,0.5477527982416122
77063,0.5520902921686601
77073,0.556506712936915
77083,0.5609318843481054
77093,0.5652655950980543
77103,0.5693930175089122
77113,0.5732223244820759
77123,0.5767158088769655
77133,0.5841020315426293
77143,0.5874086683990422
77153,0.5905772397879555
77163,0.5936800791323287
77173,0.5967443100823794
77183,0.5997559295450979
77193,0.6026767659878145
77203,0.6054670562706291
77213,0.6081191083213121
77223,0.6106508438302483
77233,0.6131048972133673
77243,0.6153354096123765
77253,0.6498890016143316
77263,0.6593964952618578
77273,0.6554619331866017
77283,0.6668318750943122
77293,0.6725920363827427
77303,0.6831668985275364
77313,0.693715736529719
77323,0.7006497288801445
77333,0.7111029777456288
77343,0.7178365841108683
77353,0.7253414183675989
77363,0.7405954786600565
77375,0.7456600308070637
77383,0.7524234722404447
77393,0.759070561038936
77403,0.7668722509156073
77413,0.7767391828590984
77423,0.7829120003860252
77433,0.7894042424140095
77443,0.7959033135398145
77453,0.8037941979180707
77463,0.8077399235370836
77473,0.8147588995915911
77483,0.822789760743841
77493,0.829999840614694
77503,0.8372347517199966
77513,0.8444694221638467
77523,0.8490338997411434
77533,0.856108907851405
77543,0.8598701674674487
77553,0.8667221196543687
77563,0.8676809749588936
77573,0.8743378518369305
77583,0.8792655893692197
77593,0.8858838196961832
77603,0.8919469017605328
77613,0.8985273424412876
77623,0.9049046447780827
77633,0.9114094682517235
77643,0.8996642001219232
77653,0.9051878341463906
77663,0.9049130945495332
77673,0.9101683421187591
77683,0.9115341069012283
77693,0.9165078974523988
77703,0.9179004025039412
77713,0.9224907759409524
77723,0.9267792312478322
77733,0.9234717744692481
77743,0.9468381924557622
77755,0.9278091869355732
77763,0.9303807091553015
77773,0.9340165005775237
77783,0.9360364340939709
77794,0.9442064329578537
77803,0.9459881509826243
77813,0.9490135542545824
77823,0.9452708773362232
77833,0.9478251460515424
77843,0.9488410293505362
77853,0.950999545943346
77863,0.9530008132197454
77873,0.9547887111679295
77883,0.9535910129132525
77893,0.9547750884897357
77903,0.9539264349230707
77913,0.9547789741213037
77923,0.9541632488669488
77933,0.9548925810656007
77943,0.9544083013408835
77953,0.9550958909647559
77963,0.9547467086142173
77973,0.9554761504472881
77983,0.9552852634231852
77993,0.9561415693378699
78003,0.9561540657272789
78013,0.9572693906543223
78023,0.9576667132544441
78033,0.9588273067579368
78043,0.9451852979452292
78053,0.9458457619626585
78063,0.9457241599560864
78073,0.9465676691132222
78083,0.9466247585635275
78093,0.9476357224478518
78103,0.9477942994774498
78113,0.9488706502788062
78123,0.9490778988205794
78133,0.9502493607755444
78143,0.9642195839426743
78153,0.9661865584155005
78163,0.9683423986653172
78173,0.9706673344142055
78183,0.9731134292263615
78193,0.9756475746353049
78203,0.980508422884502
78213,0.9810852486604005
78223,0.9840101911682858
78233,0.9870378017194937
78243,0.9901575459700478
78253,0.9933731038314338
78263,0.9966825051284458
78273,0.9915133352583203
78285,0.9961213379131879
78293,0.9966503633099811
78303,0.9998895607327027
78313,1.0014814698786842
78323,1.0049289656412261
78333,0.9936883592421584
78343,0.9968224950547037
78353,0.9985754171990749
78363,1.0019428292052301
78373,1.0039308403194758
78383,1.0075412770743295
78393,1.0112994239562532
78403,1.0152143050464635
78413,1.0170793973284467
78423,1.0212344881380053
78433,1.0234270217424954
78443,1.027787545678507
78453,1.0306809457507344
78463,1.0352484049101904
78473,1.0399430681291444
78483,1.0447601501265757
78493,1.0469625128950777
78503,1.0518514376674593
78513,1.0837919742208304
78523,1.0902658207700546
78533,1.0931798106366897
78543,1.0997481665726945
78557,1.086651641461766
78563,1.0954104486852458
78574,1.0956845737689043
78583,1.1043580373782018
78593,1.1071894744640822
78603,1.1132232867262695
78613,1.1155154969591665
78623,1.1215233873006
78633,1.1234339904726995
78645,1.131126280949335
78653,1.1328311356580523
78663,1.1388524788471273
78673,1.1402325517936567
78683,1.1461757101618515
78694,1.1573845646640217
78703,1.1637341075946683
78713,1.1678918346778524
78723,1.1743633965986584
78733,1.174757816994
78743,1.1810784795830451
78753,1.1811385589034127
78763,1.1907220881229696
78774,1.2006475299207124
78783,1.205445413236033
78793,1.2133394457061955
78803,1.2201031016959845
78813,1.2268655708386635
78823,1.2336234518172093
78833,1.2403637389876037
78843,1.2480528889831064
78855,1.2455852290281717
78863,1.2507725085860795
78873,1.24552478985374
78883,1.2514277656904227
78893,1.248562763878869
78907,1.2565526138882965
78913,1.2617558842130256
78923,1.2674268533695232
78933,1.273033823729039
78943,1.2785798446351178
78953,1.2840723721919949
78963,1.289514109463864
78973,1.2949022718533594
78983,1.3002262984818842
78993,1.3093334912760868
79003,1.3148413238658598
79013,1.2998051839161435
79023,1.3046067851249252
79034,1.291191435496292
79043,1.2955723443556955
79053,1.2847882891110673
79063,1.2888476128095412
79073,1.278947276157096
79083,1.2827247307729053
79093,1.273118351374324
79103,0.9928167151623749
79113,0.9945116986754615
79123,0.993350282637079
79133,0.9934789813997253
79143,0.994144780759811
79153,0.9947976179835877
79163,0.9954270829543636
79173,0.9954579643104131
79183,0.995995459224944
79193,0.9965317021525705
79203,0.9970691066246994
79213,0.9974487983545954
79223,0.9977712146148144
79233,0.9971800968564809
79243,0.9976509950777387
79253,0.9981265950609736
79263,0.998613265005339
79273,0.9973020046292675
79283,0.9976404641885807
79293,0.9895502849408581
79303,0.9873213627063336
79313,0.9859170446410035
79323,0.9858580572022719
79333,0.9858371215925072
79343,0.9858537062322635
79353,0.9833996951457644
79363,0.983337642441125
79374,0.9840601144038669
79383,0.9874387699104258
79393,0.9875215283143054
79403,0.9876769668856837
79413,0.984775647912308
79425,0.9595934449836027
79433,0.9630566336156448
79443,0.9624146744819422
79453,0.9618564229034611
79463,0.9613899550019106
79475,0.9608623808028515
79483,0.9762481212038764
79493,0.9762016621515478
79503,0.9779176581982153
79513,0.9786202621553188
79523,0.9794397866834432
79533,0.9681795999684761
79543,0.9651018772104162
79553,0.9558355107851058
79563,0.955790238393134
79573,0.953014826367563
79583,0.9531309640672473
79597,0.9460970521858116
79605,0.9497667162473923
79613,0.9481799935236503
79623,0.9488222507302001
79633,0.9474559678715077
79643,0.948303823146771
79653,0.9470847414763894
79663,0.9481730654427886
79674,0.9444664766086766
79684,0.945597203856851
79693,0.9469577296285892
79703,0.9481096316482518
79713,0.9498647647862155
79723,0.951820503200019
79733,0.9539771775418731
79743,0.9563365862421105
79754,0.9646731447109685
79763,0.9660382561610479
79773,0.9704760490811458
79783,0.9718877157560956
79793,0.9753937424963021
79803,0.9790886867812639
79813,0.9829737249323434
79823,0.9870463426955189
79833,0.9913027968533907
79843,0.9957463419572962
79853,1.000385930187573
79863,0.9826678926856539
79873,0.9865627612210118
79883,0.9815546445232782
79893,0.9855135854619282
79903,0.9845632617141789
79913,0.9923871295995741
79923,0.9918505429117661
79933,0.9965074777403449
79943,0.9944031395125382
79953,0.9984277151743012
79963,1.0036265797882131
79973,1.006940396215792
79983,1.0076618831461592
79993,1.0131618521645411
80003,1.014055516422637
80013,1.021459127211837
80023,1.0200829262143005
80033,1.025933655740473
80043,1.0318544726269898
80053,1.0357365305908173
80063,1.0420174121897021
80073,1.0484739545620028
80083,1.0551077877083381
80093,1.0619241965417008
80103,1.0689263211665876
80113,1.0761104647848587
80123,1.0834731900474628
80133,1.0758454160563977
80143,1.0827904377620625
80153,1.0868677193736969
80166,1.0990925785856
80173,1.0943312184074598
80183,1.1019190716702405
80193,1.1029676766360381
80203,1.107137328318659
80213,1.1117064683191564
80223,1.1160148469912752
80234,1.1247970526306335
80243,1.1247970526306335
80253,1.1473526874380884
80263,1.1589998423024879
80273,1.1643119000708262
80284,1.1753986646194274
80293,1.1717432317521268
80303,1.1808151516652265
80313,1.1876958949152456
80323,1.1969488976917697
80333,1.1997653205654981
80343,1.2114189775457826
80353,1.2144494336583713
80363,1.2235994827036165
80374,1.2346916875605043
80384,1.243407332355256
80393,1.2410347016128027
80403,1.2485150300973422
80413,1.2566874780134152
80424,1.271972942121619
80433,1.2680980153621535
80443,1.2762394870547737
80453,1.2742882809612401
80463,1.2783842288313942
80473,1.275455662390991
80483,1.274933178176616
80493,1.2769037540047592
80503,1.2799421728187244
80513,1.2736032053011197
80523,1.276300304456862
80533,1.279070693862066
80543,1.2819376734068813
80553,1.284910300256762
80567,1.2948723209535706
80573,1.2948723209535706
80583,1.3007535678688582
80596,1.2922552477800395
80603,1.2988012201787722
80613,1.298451343079597
80623,1.3057713272873146
80633,1.3020613240486927
80644,1.3060535942215346
80653,1.286635575659825
80664,1.2906222977107888
80673,1.289709574647726
80683,1.2959675227976217
80694,1.2944505911264166
80703,1.3010971419562567
80713,1.3000892433218973
80723,1.3071387113655542
80734,1.303500776205482
80743,1.3108745072908443
80753,1.282826997748906
80763,1.2885842439466568
80774,1.2839426154279534
80783,1.2911496327361986
80793,1.269299433509046
80803,1.2745502313143977
80813,1.2537654272388288
80823,1.2537747494252038
80833,1.255481750772707
80843,1.2572981740182032
80853,1.2427714519220807
80863,1.2450119416702494
80873,1.2376129813598846
80883,1.2366590949388268
80893,1.2311158839643412
80903,1.2305538425643543
80913,1.2248469132745017
80923,1.2246598940226971
80933,1.2215004997520182
80943,1.2234423947994313
80953,1.221628616157209
80963,1.2227723849265668
80973,1.2287569426380516
80983,1.2304632462574303
80993,1.2373045804724332
81003,1.2396232354359733
81013,1.2387031492736622
81023,1.2407262894370434
81033,1.2386651402830993
81043,1.237818293031071
81053,1.2330811330896692
81063,1.2370863020705785
81073,1.2338095918571599
81083,1.23303460270407
81093,1.2292922261896937
81103,1.2291512042345318
81113,1.227638585618349
81123,1.230297913881225
81133,1.2319150643330348
81143,1.23297144673102
81155,1.2278416543900035
81163,1.229592008874953
81173,1.2262211684323265
81183,1.227865096045454
81193,1.2246234506825933
81203,1.22583352762583
81213,1.2228715679992332
81223,1.2310125988716627
81233,1.2218616666510567
81243,1.2268433956110376
81253,1.2244966112072815
81263,1.2258972022405854
81273,1.227777450767171
81283,1.2289438973849771
81293,1.2308901730896749
81303,1.2326614624614212
81313,1.2345424485793812
81323,1.2365303107701362
81333,1.2368720333971566
81343,1.239683729452281
81353,1.2412719332992508
81363,1.2436806669779763
81373,1.2460766207083356
81383,1.2485811588716238
81393,1.2500549227929019
81403,1.2527357480712888
81413,1.2555326219806984
81423,1.258450673180854
81433,1.2427475763593478
81443,1.2448792892494391
81453,1.2337630776284874
81463,1.235456348496325
81473,1.228989063626333
81483,1.225470783416646
81493,1.2262261175758404
81503,1.2237837683343196
81513,1.2219084286124862
81523,1.2206813180697735
81533,1.2210482283426471
81543,1.21985566481124
81553,1.2194254520044943
81563,1.21858606640446
81573,1.2187753467842573
81583,1.2179965013225176
81593,1.218211266454244
81603,1.217529496942011
81613,1.2157554255304774
81623,1.2151526058011695
81633,1.213977276273245
81643,1.213412287080261
81653,1.212683791460632
81663,1.2138826592058334
81673,1.2133858870229752
81683,1.212123722484584
81693,1.2136850547358866
81703,1.2126670729900069
81713,1.2127893042376723
81723,1.2126327046734338
81733,1.212527366806175
81743,1.2121499035506555
81753,1.2123357757537874
81763,1.2121041039873668
81773,1.2123056366313298
81783,1.2122181245442796
81793,1.2124366296008793
81803,1.212378007184791
81813,1.2126121451503105
81823,1.2138635279091807
81833,1.2151991285809185
81843,1.2146233850997412
81853,1.214896813155094
81863,1.214564866042541
81873,1.2148543580791284
81883,1.2146299728048584
81893,1.2045180066864896
81903,1.2031225739108258
81913,1.2026302860724485
81923,1.2013458864420423
81933,1.2019833565262261
81943,1.202689637907646
81953,1.2035057616046478
81963,1.2044063407958074
81973,1.2053909583559141
81983,1.2064568473589896
81993,1.207602455752675
82003,1.2088324742778933
82013,1.2101534434306433
82023,1.211568107437036
82033,1.2130745679538815
82043,1.2146750756516833
82054,1.2264569679691522
82065,1.2287201516662762
82073,1.2316784415027078
82085,1.2335715200073776
82093,1.2362840629448106
82105,1.2383627586424117
82113,1.2409682113592149
82123,1.2435961014202863
82133,1.2460574090473029
82143,1.2486211141189
82153,1.2497685178753308
82163,1.2527393394026152
82173,1.254997109452853
82183,1.2569028215729525
82193,1.2589999100025755
82203,1.2622703738945507
82213,1.2656635806897867
82223,1.26881232711658
82233,1.2285186097921896
82243,1.2302729913293928
82253,1.2170374392695307
82263,1.2183793748346927
82273,1.2123331194927396
82283,1.2140691127628747
82293,1.2103518722216522
82303,1.2115046614116727
82313,1.208911322541535
82323,1.2100461700406053
82333,1.2080399312979924
82343,1.2102449933355024
82353,1.208645528596578
82363,1.2104348485365406
82373,1.2091001718194314
82383,1.210699651898099
82393,1.209474742015703
82403,1.210688298744137
82413,1.2111732178324166
82423,1.2124707435664621
82433,1.2119980146047793
82443,1.2132875472536695
82453,1.2149951849801104
82463,1.2164649840002224
82473,1.2181527122041353
82483,1.2198092819591713
82493,1.2174599494995195
82503,1.2190078827631976
82513,1.216996317351497
82523,1.2181535643603878
82533,1.2165241795756307
82543,1.2179436801443344
82553,1.2166222688769772
82563,1.2180129724463766
82573,1.2194776305552832
82584,1.21740788921441
82593,1.2160692360592582
82604,1.2179770915494132
82613,1.2183762280145596
82623,1.2204260495213681
82633,1.22117277222634
82643,1.2220225674495393
82653,1.2163112768446513
82663,1.2170430821029508
82673,1.2141709880694274
82683,1.2144678645241687
82693,1.2158225792311752
82703,1.219354934571253
82713,1.2153333822853698
82723,1.2174554821470045
82733,1.2137087772636868
82743,1.2149900227171633
82753,1.2122645003488088
82763,1.2119431137208307
82773,1.2102392396892507
82783,1.2113596247237544
82793,1.2097793886063646
82803,1.2132663189335557
82813,1.2130885613048343
82823,1.2144002424732803
82833,1.2132771585179032
82843,1.2148013944693048
82853,1.2143769662312383
82863,1.214535412850508
82873,1.2132046824338614
82883,1.213210547098364
82893,1.2126450305787666
82903,1.2138351205821496
82913,1.2151164805429036
82923,1.214104679039104
82933,1.2145128586200118
82943,1.2158999935626407
82953,1.2173713996761153
82963,1.2181238302678472
82973,1.2197150940836021
82983,1.2213957437674907
82993,1.2231786535667477
83003,1.225057741286915
83013,1.2270260807950342
83023,1.229091803190948
83033,1.2312565471376953
83043,1.23352669295992
83053,1.235896217737799
83063,1.2383655339288624
83073,1.2391651916883824
83083,1.2460597023418005
83093,1.2489740624655137
83103,1.2299256348490302
83113,1.231896984518762
83123,1.2215784689981304
83133,1.221571345814303
83143,1.2152585491137575
83153,1.215834241099228
83163,1.2116196080821182
83173,1.2125333539213266
83183,1.2095906900446562
83193,1.2105911868161359
83203,1.2082884997953618
83213,1.209265438279472
83223,1.2104568083617597
83233,1.2117401081659198
83243,1.2161491602252859
83253,1.2177790579863739
83263,1.2207595040096975
83273,1.2226329883377205
83283,1.2245980314733118
83293,1.226660938873375
83303,1.22882591567198
83313,1.2310921183448573
83323,1.2246505172492643
83333,1.226548833587428
83343,1.2203701090614385
83353,1.2197589183501332
83363,1.2142718209776289
83373,1.2144505239231773
83383,1.2106803397835877
83393,1.2114633601709932
83403,1.2084691512930805
83413,1.2094195202924358
83423,1.2070840420304836
83433,1.2079252292628437
83443,1.2059816178599807
83453,1.20694450162221
83463,1.2051861013805474
83473,1.2061001875069948
83483,1.2044672913017007
83493,1.2053526076603007
83503,1.203817943271128
83513,1.2047281907533685
83523,1.2033523048187562
83533,1.204216481327278
83543,1.2028205043190663
83553,1.2037331376104872
83563,1.202558296110702
83573,1.2035376309452042
83583,1.2045551845885312
83593,1.2055982989225904
83603,1.203861347095671
83613,1.2047477816220205
83623,1.202946577889815
83633,1.2036591556233989
83643,1.2044091770717218
83653,1.2051003696681517
83663,1.2055299438674436
83673,1.2056815013382032
83683,1.2014247259344293
83693,1.2011343202514426
83703,1.2008830772732995
83713,1.2007071057387144
83723,1.200567999739564
83733,1.2004094246525563
83743,1.1938948218661585
83753,1.1930526207036398
83763,1.1865927642115897
83773,1.1848880153404624
83783,1.182364698657266
83793,1.179644410366175
83803,1.1721731686610868
83813,1.1683156830697092
83823,1.159913705954676
