timestamp,pos_x,pos_y,pos_z
66626,0.003447338007390499,0.008219849318265915,-0.0027597094886004925
66639,0.002171150641515851,0.010077632032334805,-0.002937690354883671
66646,0.002172798616811633,0.010105323046445847,-0.0030005667358636856
66656,0.0021757332142442465,0.010132248513400555,-0.0030633253045380116
66667,0.002482046838849783,0.009047423489391804,-0.0015724793775007129
66676,0.0036318667698651552,0.008426850661635399,-0.002829914912581444
66686,0.0036318667698651552,0.008426850661635399,-0.002829914912581444
66696,0.004283408168703318,0.007996886968612671,-0.0034244100097566843
66706,0.004283408168703318,0.007996886968612671,-0.0034244100097566843
66718,0.0023928293958306313,0.010089768096804619,-0.004629756323993206
66728,0.002768696052953601,0.008742674253880978,-0.003022159682586789
66736,0.002779091941192746,0.008708861656486988,-0.003042645053938031
66746,0.002792363055050373,0.008673490025103092,-0.003060791175812483
66758,0.001936487853527069,0.010207212530076504,-0.0034362119622528553
66766,0.001936487853527069,0.010207212530076504,-0.0034362119622528553
66776,0.0028187332209199667,0.009903217665851116,-0.00460434053093195
66786,0.0024240172933787107,0.009291885420680046,-0.0034307027235627174
66796,0.0024508244823664427,0.009295934811234474,-0.0034572104923427105
66806,0.002479968126863241,0.009299221448600292,-0.0034823997411876917
66816,0.002511317376047373,0.00930137187242508,-0.003505957080051303
66826,0.0029406840912997723,0.008236666209995747,-0.0023533727508038282
66836,0.003979898523539305,0.007877259515225887,-0.003168263006955385
66846,0.003975726198405027,0.007061761803925037,-0.0026119579561054707
66856,0.004732030443847179,0.007015184964984655,-0.002809452125802636
66866,0.004854872822761536,0.006899047177284956,-0.0027881134301424026
66876,0.004981525242328644,0.006782332435250282,-0.0027666878886520863
66886,0.004606711212545633,0.006169445347040892,-0.0025599529035389423
66899,0.002420315984636545,0.010054010897874832,-0.0016515256138518453
66906,0.002420315984636545,0.010054010897874832,-0.0016515256138518453
66916,0.002451035426929593,0.01006397232413292,-0.001570708118379116
66926,0.0024840710684657097,0.010074689984321594,-0.0014894139021635056
66937,0.0027593346312642097,0.010252496227622032,-0.0011189099168404937
66946,0.0028085694648325443,0.010268968529999256,-0.0010151092428714037
66956,0.0028609205037355423,0.010284686461091042,-0.0009117056033574045
66966,0.002914401702582836,0.010300302878022194,-0.000809304416179657
66978,0.0027832251507788897,0.011150887235999107,-0.002766191028058529
66986,0.0028656721115112305,0.01117001660168171,-0.0027943195309489965
66996,0.0029502741526812315,0.01118855644017458,-0.002821230096742511
67006,0.003036805195733905,0.011205604299902916,-0.0028478307649493217
67016,0.003421268193051219,0.011244379915297031,-0.0025964188389480114
67026,0.003527722554281354,0.011260193772614002,-0.00260320957750082
67036,0.0034936191514134407,0.010294388979673386,-0.0037515147123485804
67046,0.0036060684360563755,0.010255018249154091,-0.003839476965367794
67056,0.0038252100348472595,0.009683826938271523,-0.004589182324707508
67066,0.003825677093118429,0.007989050820469856,-0.0028345338068902493
67077,0.003456431208178401,0.00943210069090128,-0.003107804339379072
67086,0.0035803515929728746,0.009307860396802425,-0.0031378092244267464
67096,0.003706320421770215,0.009180466644465923,-0.0031656220089644194
67106,0.003834552364423871,0.009050705470144749,-0.0031914322171360254
67116,0.003965658135712147,0.008919138461351395,-0.003216575365513563
67126,0.0035568212624639273,0.007480664644390345,-0.001983408583328128
67136,0.0036713392473757267,0.007274411618709564,-0.0019328470807522535
67146,0.0037874034605920315,0.007065856363624334,-0.0018815702060237527
67156,0.003905098419636488,0.006854713894426823,-0.0018296274356544018
67166,0.004024929367005825,0.0066413674503564835,-0.0017774869920685887
67176,0.0025956593453884125,0.008702433668076992,-0.00010431012196931988
67186,0.0026050906162708998,0.008174260146915913,0.0008681468316353858
67198,0.002557084197178483,0.009908906184136868,-0.0016442914493381977
67206,0.0026009627617895603,0.009869159199297428,-0.0016070627607405186
67216,0.0027948215138167143,0.010113931261003017,-0.00124720751773566
67226,0.002841592999175191,0.010083259083330631,-0.0011874646879732609
67237,0.002694182563573122,0.011121963150799274,-0.0017668234650045633
67246,0.002732921624556184,0.011134534142911434,-0.0017467394936829805
67257,0.0023476462811231613,0.011143608950078487,-0.0035766432993113995
67266,0.0023883383255451918,0.011145099997520447,-0.0036783129908144474
67276,0.002428948413580656,0.011146469973027706,-0.003781480249017477
67286,0.0024712742306292057,0.011147907003760338,-0.0038856484461575747
67296,0.0025171737652271986,0.011150161735713482,-0.003989752847701311
67306,0.0025661708787083626,0.01115347072482109,-0.0040931859984993935
67316,0.0026179540436714888,0.011157105676829815,-0.0041967895813286304
67326,0.0027069421485066414,0.009076016023755074,-0.0019917415920645
67336,0.0027648834511637688,0.008945022709667683,-0.0019545219838619232
67346,0.002823776798322797,0.00881313718855381,-0.0019161798991262913
67356,0.002883298322558403,0.008680890314280987,-0.00187568215187639
67366,0.0031058716122061014,0.007789361756294966,-0.000892472977284342
67376,0.003176311496645212,0.0075965323485434055,-0.0007935104076750576
67386,0.0032481043599545956,0.007402782794088125,-0.0006942432373762131
67396,0.0033212662674486637,0.007208638824522495,-0.0005942790303379297
67406,0.0033962882589548826,0.007013082038611174,-0.0004932479350827634
67416,0.0034742963034659624,0.0068158553913235664,-0.0003904004115611315
67426,0.0035543793346732855,0.006616530474275351,-0.00028504838701337576
67437,0.0022942335344851017,0.010151579976081848,-0.0007618126110173762
67446,0.0023060215171426535,0.010194787755608559,-0.0007088746642693877
67457,0.002371495822444558,0.011135893873870373,-0.0015051494119688869
67466,0.0023959814570844173,0.011247869580984116,-0.0015008815098553896
67477,0.0024875153321772814,0.011782113462686539,-0.001903809723444283
67486,0.002520717680454254,0.011931722052395344,-0.0019263977883383632
67497,0.002603282919153571,0.012263467535376549,-0.0021208119578659534
67506,0.0026456029154360294,0.012431737966835499,-0.002156547736376524
67517,0.003030292456969619,0.012263400480151176,-0.0021950409281998873
67526,0.003108368022367358,0.012406064197421074,-0.002231969963759184
67537,0.0031594980973750353,0.01221467461436987,-0.0023389977868646383
67546,0.0032449320424348116,0.012345361523330212,-0.0023763286881148815
67557,0.002663643565028906,0.011528020724654198,-0.003532659960910678
67566,0.002742212964221835,0.01164714340120554,-0.0036267240066081285
67577,0.0025201973039656878,0.011355866678059101,-0.004194454289972782
67586,0.002600693376734853,0.011476259678602219,-0.0043191141448915005
67597,0.0022186781279742718,0.011324716731905937,-0.005223945248872042
67606,0.002298367442563176,0.011443709954619408,-0.005404271185398102
67616,0.002380827208980918,0.011563506908714771,-0.0055837202817201614
67626,0.002466683741658926,0.011684903874993324,-0.005762818269431591
67637,0.0019815778359770775,0.011429360136389732,-0.006617851089686155
67646,0.002064397092908621,0.011540052480995655,-0.006847447250038385
67656,0.0025137097109109163,0.011216952465474606,-0.007784601766616106
67671,0.003447664901614189,0.009779890067875385,-0.005060933530330658
67677,0.00233946880325675,0.010803958401083946,-0.005224511492997408
67686,0.0026157042011618614,0.009160212241113186,-0.003976556472480297
67697,0.0019280565902590752,0.010354671627283096,-0.0040163821540772915
67706,0.0020115282386541367,0.0104012880474329,-0.003973463084548712
67716,0.0030076084658503532,0.010070610791444778,-0.004729898646473885
67731,0.003431411925703287,0.010002700611948967,-0.004661712795495987
67736,0.0035504463594406843,0.01004717405885458,-0.004674424417316914
67746,0.00367126171477139,0.010093466378748417,-0.00468716025352478
67756,0.003793735057115555,0.010141019709408283,-0.004700031131505966
67766,0.003918973263353109,0.010189062915742397,-0.0047139073722064495
67776,0.0040481253527104855,0.010237510316073895,-0.004729292821139097
67786,0.004181327298283577,0.010286174714565277,-0.004746346268802881
67796,0.004070624243468046,0.009438948705792427,-0.0054423753172159195
67807,0.0038451601285487413,0.010532182641327381,-0.004866697359830141
67816,0.003946580924093723,0.010605590417981148,-0.004881245084106922
67826,0.0032682029996067286,0.008595031686127186,-0.002042260952293873
67837,0.0022592772729694843,0.010355019010603428,-0.0023587942123413086
67850,0.0034818691201508045,0.00926729291677475,-0.0015384277794510126
67856,0.0034818691201508045,0.00926729291677475,-0.0015384277794510126
67866,0.00351167400367558,0.009268607012927532,-0.0013642327394336462
67876,0.0035439524799585342,0.00926980096846819,-0.00118985993321985
67886,0.0035790055990219116,0.009270893409848213,-0.0010154841002076864
67896,0.003617191920056939,0.009270944632589817,-0.0008396834600716829
67907,0.0030947073828428984,0.0099993497133255,-0.000551584002096206
67916,0.0031010936945676804,0.010045822709798813,-0.00036245660157874227
67926,0.0031091966666281223,0.010094096884131432,-0.0001721536973491311
67936,0.0031194782350212336,0.010143340565264225,1.8325226847082376e-05
67946,0.0031319917179644108,0.010193373076617718,0.00020887248683720827
67956,0.003146941075101495,0.010244481265544891,0.00039931171340867877
67966,0.003163664136081934,0.010296492837369442,0.0005899207899346948
67976,0.0031822563614696264,0.010349057614803314,0.0007814184064045548
67986,0.00320406723767519,0.01040205080062151,0.0009741027606651187
67998,0.0034027015790343285,0.012255419045686722,-0.0004946309491060674
68006,0.0034280065447092056,0.012429607100784779,-0.0003850926295854151
68016,0.002865658374503255,0.010934185236692429,-0.004147890489548445
68026,0.002855135826393962,0.010997774079442024,-0.004237794317305088
68038,0.0023101221304386854,0.011520200408995152,-0.004476484376937151
68047,0.0031756856478750706,0.011468818411231041,-0.003498390782624483
68056,0.0031823329627513885,0.011556302197277546,-0.0035391871351748705
68068,0.003012903966009617,0.010671360418200493,-0.004904353991150856
68076,0.003011169610545039,0.010721399448812008,-0.0050185020081698895
68088,0.003162539331242442,0.010265884920954704,-0.005875267554074526
68096,0.0031644494738429785,0.010294411331415176,-0.006031678523868322
68106,0.0031671319156885147,0.010322818532586098,-0.006188081111758947
68116,0.0031705840956419706,0.010351307690143585,-0.006344763096421957
68126,0.0031744486186653376,0.010379618033766747,-0.0065024965442717075
68136,0.003179090330377221,0.010406792163848877,-0.006660865619778633
68146,0.003184831002727151,0.010433321818709373,-0.006818906404078007
68156,0.0031916482839733362,0.010459810495376587,-0.0069766235537827015
68166,0.0031990581192076206,0.010485547594726086,-0.007133597508072853
68176,0.0032068979926407337,0.010510243475437164,-0.007288502063602209
68188,0.0031724395230412483,0.010095441713929176,-0.007934232242405415
68196,0.0031789906788617373,0.010088876821100712,-0.00811454001814127
68206,0.003186151385307312,0.010081873275339603,-0.008295574225485325
68216,0.0031948836985975504,0.010073764249682426,-0.008477341383695602
68229,0.003806062275543809,0.008455506525933743,-0.0035090704914182425
68236,0.003806062275543809,0.008455506525933743,-0.0035090704914182425
68248,0.003924921154975891,0.008133557625114918,-0.002420336939394474
68256,0.003901238553225994,0.00809618178755045,-0.002312984550371766
68268,0.00403793528676033,0.008016043342649937,-0.001794603536836803
68276,0.004004614427685738,0.007990320213139057,-0.0016598037909716368
68288,0.004028053488582373,0.007941250689327717,-0.0013460676418617368
68296,0.003982498310506344,0.007927953265607357,-0.001195079181343317
68308,0.004060705658048391,0.00799669697880745,-0.0009879563003778458
68316,0.0039994195103645325,0.007999408058822155,-0.0008280512993223965
68328,0.003865388920530677,0.008753426373004913,-0.00129154440946877
68336,0.0038010685238987207,0.008783985860645771,-0.0011925832368433475
68346,0.0037381204310804605,0.00881436187773943,-0.0010922927176579833
68356,0.0036765430122613907,0.00884407851845026,-0.000989973428659141
68368,0.004273154307156801,0.008356346748769283,-0.0017181653529405594
68378,0.0024954925756901503,0.010413724929094315,-0.0031075074803084135
68386,0.002408861182630062,0.010519423522055149,-0.00319625623524189
68396,0.002323388820514083,0.010625598020851612,-0.0032852566801011562
68406,0.0022391818929463625,0.01073212269693613,-0.003375410567969084
68416,0.0021553130354732275,0.010839280672371387,-0.003466898575425148
68426,0.002895594574511051,0.010931272059679031,-0.0025490261614322662
68436,0.002867059549316764,0.011037619784474373,-0.002571812830865383
68448,0.0031208808068186045,0.01051242370158434,-0.0043935454450547695
68456,0.003119649365544319,0.010563547722995281,-0.004534251056611538
68466,0.0027686741668730974,0.009070518426597118,-0.0015901970909908414
68476,0.0027506528422236443,0.00905948132276535,-0.0015359818935394287
68486,0.0027337034698575735,0.00904865562915802,-0.0014808409614488482
68497,0.0021511088125407696,0.0105392811819911,-0.0022083474323153496
68506,0.002206591423600912,0.009462839923799038,-0.0009092949330806732
68516,0.0034591578878462315,0.008810586296021938,-0.0021578334271907806
68526,0.002996882190927863,0.009724777191877365,-0.0017902314430102706
68536,0.002971633104607463,0.009753678925335407,-0.0017571088392287493
68546,0.0029604448936879635,0.010074584744870663,-0.0015241609653458
68556,0.0029363150242716074,0.01011532824486494,-0.0014787368709221482
68566,0.002914202166721225,0.010155932046473026,-0.0014332281425595284
68576,0.0028943039942532778,0.01019715704023838,-0.00138621567748487
68586,0.002962568076327443,0.010416101664304733,-0.0011539326515048742
68596,0.002949864836409688,0.010470299981534481,-0.001091217272914946
68606,0.002251751022413373,0.009178142994642258,0.0009822280844673514
68616,0.0022098771296441555,0.009158116765320301,0.0011580490972846746
68626,0.002266706433147192,0.008720653131604195,0.0019120911601930857
68636,0.0022333054803311825,0.008676103316247463,0.00211917981505394
68646,0.002201081719249487,0.008630340918898582,0.00232659000903368
68656,0.0021710419096052647,0.00858284067362547,0.0025343664456158876
68666,0.0021430880296975374,0.0085339630022645,0.002742075826972723
68676,0.0021156449802219868,0.008484592661261559,0.0029490087181329727
68686,0.0020877060014754534,0.008434254676103592,0.0031554156448692083
68696,0.0020601123105734587,0.008383302949368954,0.0033627785742282867
68706,0.00203395145945251,0.008332276716828346,0.0035712425597012043
68716,0.0020091463811695576,0.008280438371002674,0.0037798190023750067
68726,0.002096716081723571,0.00841259304434061,0.003876297501847148
68736,0.0020807699766010046,0.008371569216251373,0.004076219629496336
68746,0.0020565814338624477,0.008464686572551727,0.004164403770118952
68756,0.002041194587945938,0.008432712405920029,0.004357924219220877
68766,0.0020067808218300343,0.00852175522595644,0.0044626579619944096
68776,0.001994503429159522,0.008496221154928207,0.004652677569538355
68788,0.0019420771859586239,0.009314392693340778,0.0030576540157198906
68796,0.0019412757828831673,0.00936601310968399,0.0031454970594495535
68806,0.002230203477665782,0.010597020387649536,0.00202615512534976
68816,0.0022359255235642195,0.010689623653888702,0.002047949004918337
68826,0.0022433388512581587,0.01078462228178978,0.002069918904453516
68836,0.002252626232802868,0.010880859568715096,0.002093991031870246
68846,0.0027829057071357965,0.01182608213275671,0.0010895566083490849
68856,0.002812001621350646,0.011964289471507072,0.0010502077639102936
68866,0.0031788181513547897,0.012499342672526836,0.0004494762688409537
68876,0.0032291272655129433,0.012661561369895935,0.0003689285076688975
68886,0.0034726993180811405,0.01298532634973526,4.618581442628056e-06
68896,0.003540030214935541,0.013158585876226425,-9.733463957672939e-05
68906,0.003713505109772086,0.013351009227335453,-0.00031300674891099334
68916,0.003605929436162114,0.01244474295526743,-0.0017396038165315986
68926,0.003491994459182024,0.012726898305118084,-0.0018915953114628792
68936,0.003742488566786051,0.012206055223941803,-0.0024133287370204926
68946,0.003149542724713683,0.01100608054548502,-0.003904214594513178
68956,0.003511762944981456,0.011268450878560543,-0.0038290710654109716
68966,0.003599153133109212,0.011348945088684559,-0.004069929476827383
68976,0.003931006416678429,0.011602473445236683,-0.004069835413247347
68986,0.004027921706438065,0.011689966544508934,-0.004292170982807875
68996,0.00430794944986701,0.01186724379658699,-0.0044429549016058445
69006,0.0032346462830901146,0.010975672863423824,-0.004870973061770201
69016,0.0033033215440809727,0.01105364691466093,-0.0051086596213281155
69026,0.002468184567987919,0.011640411801636219,-0.005252744071185589
69036,0.003418339416384697,0.011755288578569889,-0.004762252792716026
69046,0.003493033116683364,0.011852358467876911,-0.0049387188628315926
69056,0.004041498992592096,0.012022688053548336,-0.0047657061368227005
69066,0.0028978900518268347,0.009622990153729916,-0.0025169907603412867
69081,0.003079450922086835,0.010240784846246243,-0.0033808269072324038
69086,0.0031322073191404343,0.010288543067872524,-0.003431547898799181
69096,0.003186675487086177,0.010335513390600681,-0.0034822572488337755
69106,0.003243301995098591,0.010380123741924763,-0.003532375441864133
69119,0.0028718430548906326,0.011398086324334145,-0.0032405806705355644
69126,0.0029182846192270517,0.011486055329442024,-0.0032606832683086395
69136,0.0029668088536709547,0.01157549861818552,-0.0032785062212496996
69146,0.002476268680766225,0.009727852419018745,-0.0017395273316651583
69156,0.0025929801631718874,0.010082847438752651,-0.0011995068052783608
69166,0.002621796214953065,0.010096490383148193,-0.0010696491226553917
69176,0.0026521796826273203,0.010110515169799328,-0.0009402909781783819
69186,0.0026843524537980556,0.01012413203716278,-0.0008121663704514503
69196,0.002717801835387945,0.010137133300304413,-0.0006856801337562501
69206,0.0037394356913864613,0.00926237553358078,-0.002692406764253974
69216,0.0038442141376435757,0.009204696863889694,-0.0027055731043219566
69226,0.003951594699174166,0.009145454503595829,-0.0027183175552636385
69236,0.004073873162269592,0.00907900556921959,-0.0027304873801767826
69246,0.004188896622508764,0.009018255397677422,-0.0027401475235819817
69256,0.00430777482688427,0.008956112898886204,-0.002749755047261715
69266,0.00442456966266036,0.006904729641973972,-0.0021746098063886166
69276,0.004557948559522629,0.006693617906421423,-0.002156975446268916
69286,0.004694862756878138,0.006478766445070505,-0.0021383818238973618
69296,0.004834716208279133,0.0062614125199615955,-0.0021189723629504442
69306,0.004977671895176172,0.0060417065396904945,-0.0020992844365537167
69316,0.005124141462147236,0.0058191027492284775,-0.002079335041344166
69326,0.005636314861476421,0.005938782822340727,-0.001958345528692007
69343,0.0035298087168484926,0.008045511320233345,-0.0037329187616705894
69346,0.0035298087168484926,0.008045511320233345,-0.0037329187616705894
69356,0.0035674020182341337,0.00802529975771904,-0.0037940368056297302
69368,0.0033353623002767563,0.00962987169623375,-0.0037854176480323076
69378,0.0024025803431868553,0.010710551403462887,-0.004093302879482508
69386,0.0024231066927313805,0.01076508779078722,-0.004157408606261015
69398,0.0021630977280437946,0.011254062876105309,-0.004364291671663523
69406,0.0021757676731795073,0.011324891820549965,-0.004436558112502098
69416,0.002189893973991275,0.011396271176636219,-0.004510099533945322
69426,0.002204679884016514,0.011468451470136642,-0.004583582282066345
69436,0.0022204748820513487,0.011541442945599556,-0.004655781667679548
69448,0.00324931088835001,0.011625022627413273,-0.0037197344936430454
69457,0.0028405478224158287,0.011893803253769875,-0.003527123713865876
69466,0.0028943163342773914,0.011970367282629013,-0.0035208894405514
69476,0.0029495113994926214,0.01204700954258442,-0.003515158547088504
69486,0.0030068110208958387,0.01212375145405531,-0.003509135451167822
69499,0.002572436584159732,0.011116904206573963,-0.005333476699888706
69506,0.002597715938463807,0.011148999445140362,-0.005437713116407394
69516,0.002625485882163048,0.011181226931512356,-0.005541557911783457
69527,0.0033957611303776503,0.011330514214932919,-0.0045321849174797535
69539,0.0027159142773598433,0.01167768519371748,-0.0043147592805325985
69547,0.003423307789489627,0.011693277396261692,-0.0038091023452579975
69556,0.003488808171823621,0.011743835173547268,-0.0037957592867314816
69566,0.0035559169482439756,0.011795589700341225,-0.0037826867774128914
69576,0.003624211298301816,0.011848893947899342,-0.0037688235752284527
69586,0.0026829077396541834,0.009614725597202778,-0.001490055350586772
69596,0.0027138071600347757,0.009565089829266071,-0.0013412348926067352
69607,0.0022904512006789446,0.009332062676548958,0.0004345101478975266
69616,0.0023071824107319117,0.009268688969314098,0.0006815830711275339
69626,0.002324714558199048,0.009204612113535404,0.0009299726807512343
69636,0.002343725645914674,0.009139757603406906,0.0011798578780144453
69646,0.002357086632400751,0.0085851876065135,0.002069765469059348
69656,0.002378067933022976,0.008492732420563698,0.0023577064275741577
69666,0.0023993628565222025,0.008400014601647854,0.0026460594963282347
69680,0.0022018617019057274,0.009475432336330414,0.0017163109732791781
69686,0.0022186727728694677,0.00947665050625801,0.0019315502140671015
69696,0.0022383746691048145,0.009478033520281315,0.0021479513961821795
69706,0.0022597191855311394,0.009479625150561333,0.002364278305321932
69718,0.002485295059159398,0.010850164107978344,0.0012065686751157045
69726,0.0025948164984583855,0.010491453111171722,0.0009322817786596715
69740,0.0022125951945781708,0.010106579400599003,0.0007999345543794334
69746,0.0022444925270974636,0.010180686600506306,0.0008933639037422836
69756,0.0022775426041334867,0.010255716741085052,0.000988467363640666
69766,0.0023120311088860035,0.010331417433917522,0.0010854133870452642
69777,0.0025744240265339613,0.01138004008680582,0.000296355108730495
69786,0.002627413487061858,0.011512277647852898,0.0003298218362033367
69796,0.003019266063347459,0.010278372094035149,-0.0020035705529153347
69806,0.0030771209858357906,0.01034577377140522,-0.002123233862221241
69816,0.003137788036838174,0.010413707233965397,-0.00224224291741848
69826,0.0032018062192946672,0.010482516139745712,-0.0023602312430739403
69836,0.0032689955551177263,0.010552598163485527,-0.0024779948871582747
69847,0.00343897077254951,0.010816922411322594,-0.0022633098997175694
69856,0.0035305314231663942,0.010082805529236794,-0.003657151013612747
69866,0.0035411929711699486,0.010627302341163158,-0.0034827287308871746
69877,0.0027594638522714376,0.011355332098901272,-0.0036821954417973757
69886,0.0028150812722742558,0.011442692950367928,-0.003833794966340065
69896,0.0028724924195557833,0.01153105590492487,-0.00398483220487833
69906,0.0029329631943255663,0.011619963683187962,-0.004136335104703903
69916,0.002996584866195917,0.011709744110703468,-0.004288830794394016
69926,0.0025636558420956135,0.009603554382920265,-0.0021403064019978046
69937,0.0023707032669335604,0.010433684103190899,-0.003941259812563658
69946,0.0026155689265578985,0.009019911289215088,-0.0027953858952969313
69956,0.002671933965757489,0.008996754884719849,-0.002852743025869131
69966,0.0027295819018036127,0.008973967283964157,-0.0029108072631061077
69976,0.002789010526612401,0.008950510993599892,-0.0029693427495658398
69986,0.0027453824877738953,0.009810286574065685,-0.0021101771853864193
69996,0.0028071203269064426,0.009829253889620304,-0.0021097748540341854
70006,0.0022760890424251556,0.009355527348816395,-0.00018726546841207892
70016,0.002312411554157734,0.00934000313282013,-6.720000237692147e-05
70026,0.0023514404892921448,0.009324475191533566,5.36768784513697e-05
70036,0.0023933537304401398,0.00930904969573021,0.00017444555123802274
70046,0.0024367785081267357,0.009293092414736748,0.0002944470616057515
70056,0.0037924901116639376,0.008858556859195232,-0.0016693336656317115
70066,0.0032635647803545,0.009827688336372375,-0.0015665327664464712
70076,0.0038578759413212538,0.009305953979492188,-0.00268350332044065
70086,0.003972627688199282,0.009293027222156525,-0.0027450709603726864
70096,0.004090027883648872,0.009280765429139137,-0.002807467710226774
70106,0.0029093273915350437,0.009233027696609497,-0.0009101479081436992
70116,0.0038862808141857386,0.008791265077888966,-0.001990825869143009
70126,0.003622808028012514,0.007776422426104546,-0.0012879841960966587
70138,0.0023069216404110193,0.009935736656188965,-0.0017363762017339468
70146,0.0023553690407425165,0.009941494092345238,-0.0017414817120879889
70156,0.0024049710482358932,0.0099479416385293,-0.001747599453665316
70166,0.0027411172632128,0.010263989679515362,-0.0013122729724273086
70176,0.002806379459798336,0.01028255745768547,-0.001292667118832469
70186,0.002873973688110709,0.010299756191670895,-0.0012755179777741432
70196,0.0029432212468236685,0.010316002182662487,-0.0012597127351909876
70206,0.0030132222454994917,0.01033216156065464,-0.001244250452145934
70216,0.003084345953539014,0.01034755352884531,-0.0012291192542761564
70226,0.0031573197338730097,0.010361435823142529,-0.0012140041217207909
70236,0.003233120543882251,0.010374346747994423,-0.0011991848004981875
70246,0.0032719799783080816,0.01055619865655899,-0.0010838557500392199
70260,0.002406033454462886,0.00982370600104332,-0.0003109859535470605
70266,0.002428347012028098,0.009834454394876957,-0.0002514256630092859
70278,0.0024062469601631165,0.01092929020524025,-0.000980700016953051
70286,0.0024320506490767,0.010983993299305439,-0.000968742067925632
70296,0.002460964024066925,0.011039040982723236,-0.0009581058984622359
70306,0.00249280733987689,0.011094448156654835,-0.000950528250541538
70316,0.002526433439925313,0.011150117963552475,-0.0009463189635425806
70326,0.002561046974733472,0.011206078343093395,-0.0009430220816284418
70336,0.0025962870568037033,0.011262563057243824,-0.0009389202459715307
70346,0.002995468443259597,0.010962155647575855,-0.0009144330979324877
70356,0.0030529655050486326,0.010997975245118141,-0.0009100940078496933
70366,0.0031105182133615017,0.011033733375370502,-0.000905623019207269
70376,0.0031688399612903595,0.011070418171584606,-0.0008997112163342535
70386,0.003228285349905491,0.011107471771538258,-0.0008921368280425668
70398,0.0031294506043195724,0.01207616925239563,-0.0015168401878327131
70406,0.003171876771375537,0.012176000513136387,-0.0015432869549840689
70416,0.002796191954985261,0.010834449902176857,-0.00453601498156786
70426,0.002812211401760578,0.010850895196199417,-0.00471466826274991
70436,0.002828664844855666,0.010867360979318619,-0.004892938770353794
70446,0.0030513801611959934,0.008917329832911491,-0.002392993774265051
70458,0.0021150894463062286,0.010356845334172249,-0.002824722556397319
70466,0.0026969201862812042,0.010561397299170494,-0.002151813358068466
70478,0.0025226448196917772,0.011296387761831284,-0.0025531656574457884
70486,0.0025266814045608044,0.011319627985358238,-0.002601055894047022
70496,0.002531717997044325,0.011342921294271946,-0.0026505449786782265
70506,0.0025375639088451862,0.011366612277925014,-0.0027008787728846073
70516,0.0025436952710151672,0.0113911721855402,-0.0027504933532327414
70526,0.0025503654032945633,0.011417186819016933,-0.002797806402668357
70536,0.002880814950913191,0.010476537048816681,-0.004890411160886288
70546,0.003346818732097745,0.0107584148645401,-0.00409990269690752
70556,0.003395484760403633,0.010742196813225746,-0.00421214709058404
70566,0.003450884250923991,0.01072469912469387,-0.0043363203294575214
70576,0.003502673003822565,0.010708477348089218,-0.004449189640581608
70589,0.0035551905166357756,0.010032417252659798,-0.005570610985159874
70596,0.0036088982596993446,0.009974404238164425,-0.005749241914600134
70606,0.002594463061541319,0.009150237776339054,-0.003849655855447054
70616,0.0034497741144150496,0.008851159363985062,-0.004609489347785711
70626,0.0034768220502883196,0.008790278807282448,-0.004708186257630587
70636,0.003504794090986252,0.008727781474590302,-0.004807653371244669
70646,0.003526465967297554,0.008663786575198174,-0.004906743299216032
70656,0.003535080701112747,0.008598589338362217,-0.005005231127142906
70666,0.002495773835107684,0.008980649523437023,-0.0034428744111210108
70676,0.0033804920967668295,0.008706847205758095,-0.004219439346343279
70686,0.0035183976870030165,0.007548074703663588,-0.0031945814844220877
70699,0.0021994449198246002,0.009739918634295464,-0.00403942447155714
70706,0.0020777322351932526,0.009742784313857555,-0.004068594891577959
70721,0.002458317205309868,0.009146223776042461,-0.0037731798365712166
70726,0.002315146615728736,0.009149736724793911,-0.003772398456931114
70738,0.00170494697522372,0.01015623938292265,-0.004021890927106142
70746,0.001524158287793398,0.010191421024501324,-0.004048305097967386
70757,0.0022485079243779182,0.010617183521389961,-0.0031318413093686104
70766,0.0022485079243779182,0.010617183521389961,-0.0031318413093686104
70776,0.002070424612611532,0.010665694251656532,-0.003090526908636093
70786,0.0019505709642544389,0.01127742137759924,-0.00345047889277339
70796,0.0026752494741231203,0.01120623666793108,-0.002815359504893422
70806,0.0025081285275518894,0.011277557350695133,-0.0027597409207373857
70816,0.0023281315807253122,0.011349258944392204,-0.002695638919249177
70826,0.0022797698620706797,0.011761687695980072,-0.0029536967631429434
70836,0.0029000022914260626,0.01150097232311964,-0.002463150303810835
70846,0.0027371090836822987,0.011572691611945629,-0.0023780863266438246
70856,0.002562180394306779,0.01164470799267292,-0.0022902467753738165
70869,0.002627370646223426,0.010834889486432076,-0.0039803339168429375
70876,0.003131904872134328,0.010914199985563755,-0.0032892823219299316
70889,0.0031607497949153185,0.010315279476344585,-0.004318866413086653
70896,0.0031607497949153185,0.010315279476344585,-0.004318866413086653
70906,0.0029888118151575327,0.010301206260919571,-0.004372133407741785
70916,0.003118198597803712,0.01068407017737627,-0.003652394050732255
70927,0.003172863507643342,0.010167618282139301,-0.0045150816440582275
70936,0.0029924779664725065,0.010150354355573654,-0.004567168187350035
70946,0.002801789902150631,0.010132072493433952,-0.0046220868825912476
70956,0.0026006940752267838,0.010112691670656204,-0.00467258645221591
70966,0.0023890782613307238,0.010092122480273247,-0.004719994030892849
70976,0.0021669012494385242,0.01007031835615635,-0.004766989964991808
70987,0.002913094824180007,0.009874093346297741,-0.005840827710926533
70996,0.00309858494438231,0.010212129913270473,-0.004618532955646515
71006,0.00293513061478734,0.010206949897110462,-0.004643021617084742
71016,0.003131022211164236,0.010516038164496422,-0.003888478735461831
71026,0.0029669469222426414,0.010533039458096027,-0.003858429379761219
71036,0.0027942913584411144,0.010549417696893215,-0.0038272535894066095
71046,0.0026132494676858187,0.0105650769546628,-0.003804347710683942
71056,0.0024239900521934032,0.010580180212855339,-0.0037799831479787827
71066,0.002226708922535181,0.010594887658953667,-0.0037478285375982523
71077,0.002151670167222619,0.008959433995187283,-0.0004756483540404588
71086,0.0019668794702738523,0.008875745348632336,-0.0002633810800034553
71097,0.0023423833772540092,0.008395573124289513,0.0008967091562226415
71106,0.0021811386104673147,0.008284341543912888,0.0011712308041751385
71117,0.0024359445087611675,0.008034870959818363,0.0018245510291308165
71126,0.0022906633093953133,0.007913891226053238,0.0021847616881132126
71136,0.0021442652214318514,0.007792716845870018,0.002595961559563875
71146,0.001999886939302087,0.007671207655221224,0.003071620361879468
71156,0.001861438388004899,0.007548967842012644,0.00362640293315053
71166,0.0017332066781818867,0.007425396703183651,0.004265018738806248
71176,0.0016204706626012921,0.0073002236895263195,0.005007411818951368
71186,0.004938633181154728,0.006270202808082104,0.002361852442845702
71196,0.005098903086036444,0.006113454233855009,0.0032163262367248535
71206,0.005295156966894865,0.0059540774673223495,0.004231797531247139
71216,0.0034997037146240473,0.008966952562332153,0.0032729152590036392
71226,0.003671179758384824,0.009005062282085419,0.00451238825917244
71236,0.004400838632136583,0.009511792100965977,0.0071227881126105785
71246,0.004707395099103451,0.009580963291227818,0.008839515037834644
71256,0.005070440471172333,0.009657111018896103,0.0107899634167552
71266,0.005489077884703875,0.009744234383106232,0.012982543557882309
71276,0.006307877600193024,0.009951536543667316,0.015889976173639297
71287,0.007432435639202595,0.010278096422553062,0.019340304657816887
71296,0.007780465763062239,0.008998105302453041,0.02481679432094097
71308,0.00842759758234024,0.009496516548097134,0.028567446395754814
71316,0.009080905467271805,0.009669534862041473,0.032186299562454224
71326,0.010630527511239052,0.009154224768280983,0.034168872982263565
71336,0.011342568323016167,0.008334376849234104,0.03926390781998634
71347,0.01131434552371502,0.00969190988689661,0.043957147747278214
71356,0.011929010972380638,0.010037383995950222,0.048431143164634705
71366,0.012496701441705227,0.010436471551656723,0.053101710975170135
71376,0.013005342334508896,0.010888060554862022,0.05795823037624359
71387,0.013378147967159748,0.011597166769206524,0.06311038881540298
71397,0.014357400126755238,0.012931067496538162,0.06715819239616394
71406,0.014655271545052528,0.013570576906204224,0.07243910431861877
71416,0.015220954082906246,0.014465962536633015,0.07749460637569427
71427,0.015503930859267712,0.014778483659029007,0.08285104483366013
71437,0.015840044245123863,0.015583963133394718,0.08831053972244263
71446,0.01579582504928112,0.0163839403539896,0.09406758099794388
71457,0.01602901704609394,0.01697901450097561,0.09988280385732651
71466,0.015830647200345993,0.017840713262557983,0.10585351288318634
71477,0.015890754759311676,0.018380992114543915,0.11193712055683136
71486,0.015896378085017204,0.018518807366490364,0.11780750751495361
71496,0.015534240752458572,0.019427141174674034,0.12405777722597122
71507,0.01560240052640438,0.019707705825567245,0.13030992448329926
71516,0.01516905426979065,0.020645994693040848,0.13675089180469513
71526,0.014697827398777008,0.021612217649817467,0.1432860940694809
71536,0.014635875821113586,0.021964864805340767,0.15004566311836243
71546,0.014138467609882355,0.02293824590742588,0.15677443146705627
71556,0.013619409874081612,0.023931026458740234,0.16359688341617584
71566,0.013081620447337627,0.02493981271982193,0.17051446437835693
71576,0.012527690269052982,0.02596045285463333,0.17752422392368317
71586,0.012926673516631126,0.02540694549679756,0.1842680424451828
71597,0.012507559731602669,0.02565416693687439,0.19187048077583313
71606,0.012012448161840439,0.026512013748288155,0.19911587238311768
71616,0.010196519084274769,0.02472502365708351,0.20815229415893555
71626,0.009619236923754215,0.025414740666747093,0.21566636860370636
71636,0.009034648537635803,0.02608388662338257,0.22326169908046722
71646,0.008444140665233135,0.026729591190814972,0.2309379130601883
71656,0.008065695874392986,0.02619279734790325,0.24005243182182312
71666,0.007478610146790743,0.026713024824857712,0.24796049296855927
71676,0.007210793439298868,0.026738913729786873,0.25661876797676086
71686,0.006643958855420351,0.027162382379174232,0.26468944549560547
71696,0.006338848732411861,0.02733122743666172,0.27318206429481506
71706,0.007285166531801224,0.025530550628900528,0.2777993083000183
71716,0.006820385809987783,0.025712385773658752,0.28584179282188416
71726,0.006371939554810524,0.025857560336589813,0.293923556804657
71736,0.005942313000559807,0.025965966284275055,0.3020417392253876
71746,0.0055342973209917545,0.026037057861685753,0.31019628047943115
71756,0.005149925127625465,0.026069946587085724,0.31838372349739075
71766,0.004789774306118488,0.02606424130499363,0.32659822702407837
71776,0.004453959874808788,0.026019826531410217,0.3348318636417389
71786,0.004142428748309612,0.025936607271432877,0.34307214617729187
71798,0.0035142991691827774,0.028350384905934334,0.3568723797798157
71806,0.003686292329803109,0.028787754476070404,0.3574780821800232
71816,0.003465320449322462,0.0287781972438097,0.3656112849712372
71826,0.0032640639692544937,0.028735563158988953,0.3737490773200989
71836,0.003080724971368909,0.028662292286753654,0.3818897008895874
71846,0.0029135800432413816,0.02856091596186161,0.3900396525859833
71856,0.0033401702530682087,0.02801533043384552,0.3996559679508209
71866,0.00323534500785172,0.027838891372084618,0.40791964530944824
71876,0.0033914472442120314,0.027380645275115967,0.41673919558525085
71886,0.0033224287908524275,0.02714727260172367,0.4250809848308563
71896,0.003470389638096094,0.026828348636627197,0.43364250659942627
71906,0.003432484110817313,0.026552753522992134,0.4420558512210846
71916,0.0034050571266561747,0.0262586772441864,0.450495183467865
71926,0.004261152818799019,0.02442835085093975,0.4565112590789795
71936,0.004293608013540506,0.02401358261704445,0.46486759185791016
71946,0.004695842042565346,0.023194314911961555,0.47265878319740295
71956,0.0051210238598287106,0.022939423099160194,0.48094040155410767
71966,0.005216190591454506,0.022453678771853447,0.489288330078125
71976,0.005554585251957178,0.022140655666589737,0.4975418746471405
71986,0.0056895483285188675,0.021618498489260674,0.5058763027191162
71996,0.006007085088640451,0.02126212604343891,0.5140894651412964
72006,0.0061866710893809795,0.020703647285699844,0.5224176049232483
72016,0.0064664664678275585,0.020267266780138016,0.5306286215782166
72026,0.006508958991616964,0.01963416114449501,0.5389900803565979
72036,0.006756213493645191,0.01902916468679905,0.5473361015319824
72046,0.007029223721474409,0.01841430552303791,0.5556919574737549
72056,0.0073273442685604095,0.017793899402022362,0.5640552639961243
72066,0.0076490407809615135,0.017172418534755707,0.5724308490753174
72076,0.00799324456602335,0.01655442826449871,0.5808283686637878
72086,0.008358350023627281,0.015944434329867363,0.5892506241798401
72096,0.008741315454244614,0.015346459113061428,0.597696840763092
72106,0.00913854967802763,0.01476424839347601,0.606167733669281
72116,0.009546604938805103,0.014201115816831589,0.6146613955497742
72126,0.00996189285069704,0.013659020885825157,0.623177170753479
72136,0.010380323976278305,0.013138890266418457,0.6317230463027954
72146,0.010797926224768162,0.012640717439353466,0.6403101086616516
72156,0.011211497709155083,0.01216257642954588,0.6489393711090088
72166,0.011618307791650295,0.01170172169804573,0.6576056480407715
72176,0.012015984393656254,0.011255286633968353,0.6663079261779785
72186,0.012402908876538277,0.0108198132365942,0.6750412583351135
72196,0.012777689844369888,0.010392379015684128,0.6838006973266602
72206,0.01313883438706398,0.009970652870833874,0.6925826072692871
72216,0.013485506176948547,0.009552021510899067,0.7013761401176453
72226,0.013817568309605122,0.009134519845247269,0.7101745009422302
72236,0.015432971529662609,0.010231750085949898,0.7180829644203186
72246,0.011484377086162567,0.014662787318229675,0.7303348779678345
72256,0.012777775526046753,0.014469669200479984,0.7401680946350098
72266,0.012595749460160732,0.013960323296487331,0.7501894235610962
72276,0.013492790050804615,0.013846395537257195,0.7594309449195862
72286,0.013004083186388016,0.013495491817593575,0.7681780457496643
72298,0.013534272089600563,0.014762920327484608,0.7781196236610413
72306,0.013448638841509819,0.013046035543084145,0.7861760854721069
72318,0.014006913639605045,0.014348267577588558,0.7961097955703735
72326,0.013941404409706593,0.012716603465378284,0.8042396306991577
72338,0.014460074715316296,0.014092652127146721,0.8143733143806458
72346,0.014345777221024036,0.012441807426512241,0.822540819644928
72357,0.014964154921472073,0.013173289597034454,0.8318005800247192
72366,0.015083031728863716,0.013071125373244286,0.8409892916679382
72378,0.015448221936821938,0.013831933960318565,0.8508681654930115
72386,0.015554796904325485,0.013760922476649284,0.8601222634315491
72396,0.01565457507967949,0.013692835345864296,0.8693816065788269
72406,0.015008443966507912,0.01181959267705679,0.8772814869880676
72417,0.01592271216213703,0.012001296505331993,0.886958658695221
72426,0.016010388731956482,0.011849138885736465,0.8961842656135559
72436,0.016655076295137405,0.011605596169829369,0.9058886170387268
72446,0.016232766211032867,0.010068163275718689,0.91422039270401
72459,0.01605622097849846,0.01180775836110115,0.9335054159164429
72466,0.01605622097849846,0.01180775836110115,0.9335054159164429
72476,0.016707897186279297,0.011369085870683193,0.9433116316795349
72486,0.01675163023173809,0.011146034114062786,0.9525436162948608
72496,0.01678769290447235,0.010911257937550545,0.9617717862129211
72506,0.016817299649119377,0.010664856992661953,0.9709966778755188
72516,0.01684187911450863,0.010407090187072754,0.980208694934845
72526,0.01657979004085064,0.008547646924853325,0.9879665970802307
72536,0.016562366858124733,0.008153262548148632,0.9970203042030334
72546,0.016715070232748985,0.00752727035433054,1.0056853294372559
72556,0.016705051064491272,0.007093953900039196,1.0146106481552124
72566,0.01669524610042572,0.006650556344538927,1.0234850645065308
72577,0.01711251772940159,0.008751350454986095,1.0340449810028076
72586,0.017178256064653397,0.008464017882943153,1.0429552793502808
72596,0.01810009777545929,0.008225666359066963,1.052207350730896
72606,0.017582207918167114,0.006546218879520893,1.0601211786270142
72616,0.017671093344688416,0.006195755209773779,1.0687718391418457
72626,0.01776059716939926,0.0058387648314237595,1.077336072921753
72636,0.019074279814958572,0.005675616208463907,1.0860919952392578
72646,0.019214868545532227,0.005324230995029211,1.0944949388504028
72656,0.019354715943336487,0.004966476932168007,1.1027917861938477
72666,0.019493648782372475,0.004601894877851009,1.110976219177246
72676,0.019631575793027878,0.0042302547954022884,1.1190437078475952
72686,0.019769171252846718,0.003851259360089898,1.1269786357879639
72696,0.018824979662895203,0.00510832853615284,1.1353585720062256
72706,0.018926912918686867,0.004806233569979668,1.1430490016937256
72716,0.019029606133699417,0.004497022833675146,1.1506025791168213
72726,0.019133292138576508,0.004180887248367071,1.158016562461853
72736,0.01913488656282425,0.003595974063500762,1.1648825407028198
72746,0.019237758591771126,0.0032522138208150864,1.1719642877578735
72756,0.019339697435498238,0.002901241881772876,1.178885579109192
72766,0.01943991519510746,0.0025432645343244076,1.1856427192687988
72776,0.019581248983740807,0.0018561172764748335,1.191810131072998
72786,0.019683729857206345,0.0014604015741497278,1.1981937885284424
72796,0.019798053428530693,0.0009140028269030154,1.2041724920272827
72806,0.019893217831850052,0.0004943403182551265,1.2102137804031372
72816,0.019981198012828827,7.133997860364616e-05,1.2160855531692505
72826,0.020060531795024872,-0.00035403185756877065,1.221785068511963
72836,0.020130150020122528,-0.0007806197390891612,1.227320671081543
72846,0.020189791917800903,-0.0012069756630808115,1.232696533203125
72856,0.02023889496922493,-0.0016322460724040866,1.2379107475280762
72866,0.020276419818401337,-0.002055699937045574,1.2429648637771606
72876,0.020301977172493935,-0.0024765098933130503,1.247861623764038
72886,0.02016114816069603,-0.0033037657849490643,1.2517526149749756
72896,0.020155923441052437,-0.003752751275897026,1.2562823295593262
72906,0.020138150081038475,-0.004198356531560421,1.2606680393218994
72916,0.020108560100197792,-0.004640775732696056,1.2649002075195312
72926,0.020068040117621422,-0.005080214701592922,1.268978476524353
72936,0.021097354590892792,-0.006679894402623177,1.2734198570251465
72946,0.02228233404457569,-0.006535067688673735,1.2759300470352173
72957,0.020876800641417503,-0.00672531733289361,1.2821922302246094
72966,0.020886650308966637,-0.007187585346400738,1.2857023477554321
72977,0.02111322246491909,-0.007780405227094889,1.2898528575897217
72986,0.021115265786647797,-0.008234974928200245,1.293103575706482
72996,0.021629374474287033,-0.00970426294952631,1.2956326007843018
73006,0.021620823070406914,-0.010150403715670109,1.2986280918121338
73016,0.022829705849289894,-0.011042368598282337,1.3041801452636719
73026,0.022808823734521866,-0.011453989893198013,1.3069685697555542
73036,0.022743433713912964,-0.01167506817728281,1.3094544410705566
73046,0.022695040330290794,-0.012047111056745052,1.3120108842849731
73056,0.022831346839666367,-0.012458917684853077,1.3146413564682007
73066,0.02276209183037281,-0.012791069224476814,1.3170232772827148
73076,0.0214974507689476,-0.012830173596739769,1.3208187818527222
73086,0.021382121369242668,-0.013122032396495342,1.3230425119400024
73096,0.021251818165183067,-0.013391266576945782,1.325181007385254
73106,0.02110714465379715,-0.013637439347803593,1.327242136001587
73116,0.020849499851465225,-0.013584889471530914,1.3297827243804932
73126,0.020676465705037117,-0.013770641759037971,1.3317244052886963
73136,0.020489566028118134,-0.013934466056525707,1.33360755443573
73146,0.02028956450521946,-0.014076938852667809,1.335432529449463
73156,0.020076632499694824,-0.014199177734553814,1.3371906280517578
73166,0.01985079050064087,-0.014300579205155373,1.3388805389404297
73176,0.02061278186738491,-0.0160506758838892,1.3401367664337158
73186,0.02041795291006565,-0.01624123379588127,1.3416078090667725
73196,0.020211707800626755,-0.01641291193664074,1.3430135250091553
73206,0.019993819296360016,-0.016565991565585136,1.3443547487258911
73216,0.01952899619936943,-0.015857212245464325,1.3459382057189941
73226,0.019303172826766968,-0.015932897105813026,1.3471550941467285
73236,0.019634872674942017,-0.01719762198626995,1.3483455181121826
73246,0.019402850419282913,-0.01729145459830761,1.349426031112671
73256,0.019161159172654152,-0.017371907830238342,1.3504458665847778
73266,0.018910201266407967,-0.017440441995859146,1.3513983488082886
73276,0.01846946030855179,-0.017162704840302467,1.352921724319458
73286,0.018196692690253258,-0.017189547419548035,1.3538179397583008
73296,0.017916183918714523,-0.017203371971845627,1.354673147201538
73306,0.017628416419029236,-0.017203396186232567,1.3554846048355103
73316,0.017334405332803726,-0.017187653109431267,1.3562580347061157
73326,0.017035648226737976,-0.017154913395643234,1.3569955825805664
73336,0.016745081171393394,-0.017065079882740974,1.357664942741394
73346,0.016441710293293,-0.016992244869470596,1.3583132028579712
73356,0.015403548255562782,-0.016657136380672455,1.3597131967544556
73366,0.015072058886289597,-0.016525888815522194,1.3603383302688599
73376,0.014458459801971912,-0.016245825216174126,1.3611798286437988
73386,0.014114518649876118,-0.016066253185272217,1.361759901046753
73396,0.014006875455379486,-0.016237301751971245,1.3627878427505493
73406,0.0136669697239995,-0.016037477180361748,1.3633248805999756
73416,0.013324259780347347,-0.01581937074661255,1.363840937614441
73426,0.012978474609553814,-0.015584857203066349,1.3643293380737305
73436,0.012630300596356392,-0.01533450186252594,1.3647987842559814
73446,0.012280870229005814,-0.015069406479597092,1.3652437925338745
73456,0.011735103093087673,-0.015432282350957394,1.3664066791534424
73466,0.011369333602488041,-0.015183976851403713,1.3668467998504639
73476,0.0130609767511487,-0.017372794449329376,1.3665353059768677
73486,0.0130609767511487,-0.017372794449329376,1.3665353059768677
73496,0.012719654478132725,-0.017198799178004265,1.3669368028640747
73506,0.012417049147188663,-0.01702587492763996,1.3672789335250854
73516,0.011151391081511974,-0.01697760447859764,1.3682717084884644
73526,0.010836038738489151,-0.01677112840116024,1.3686387538909912
73536,0.010433380492031574,-0.016673896461725235,1.3691025972366333
73546,0.010140219703316689,-0.016433365643024445,1.369449496269226
73556,0.009859852492809296,-0.016172466799616814,1.3697823286056519
73566,0.01083000935614109,-0.01747041568160057,1.369057536125183
73576,0.010172998532652855,-0.017633719369769096,1.3694192171096802
73586,0.00997710321098566,-0.01739070750772953,1.3696284294128418
73596,0.009795042686164379,-0.017123287543654442,1.369846224784851
73607,0.009693671017885208,-0.01681009866297245,1.3699380159378052
73616,0.00937888864427805,-0.017265228554606438,1.3703047037124634
73626,0.009228721261024475,-0.01694585382938385,1.3704748153686523
73636,0.008809338323771954,-0.01630757376551628,1.370601773262024
73646,0.008933407254517078,-0.01630113646388054,1.3706213235855103
73656,0.008817275986075401,-0.01591065712273121,1.3706971406936646
73666,0.008711284957826138,-0.01549598854035139,1.3707623481750488
73676,0.008377238176763058,-0.015187601558864117,1.3710917234420776
73686,0.00828366819769144,-0.014731536619365215,1.3711650371551514
73696,0.008199603296816349,-0.014254639856517315,1.3712468147277832
73706,0.008125735446810722,-0.013758736662566662,1.3713370561599731
73716,0.008064121007919312,-0.013244993053376675,1.3714383840560913
73726,0.008014214225113392,-0.012714659795165062,1.3715487718582153
73736,0.007974567823112011,-0.01216986496001482,1.3716570138931274
73746,0.007945900782942772,-0.011610775254666805,1.3717646598815918
73756,0.007928678765892982,-0.011037364602088928,1.3718706369400024
73766,0.007921349257230759,-0.010450425557792187,1.3719730377197266
73776,0.007923213765025139,-0.00984906405210495,1.3720815181732178
73786,0.007934997789561749,-0.009233341552317142,1.3721953630447388
73796,0.00795576348900795,-0.0086037777364254,1.3723139762878418
73806,0.007983272895216942,-0.007958974689245224,1.372445821762085
73819,0.008177165873348713,-0.008333154022693634,1.3746955394744873
73826,0.008177165873348713,-0.008333154022693634,1.3746955394744873
73838,0.006387537345290184,-0.009739844128489494,1.3746578693389893
73846,0.0063503398559987545,-0.009219883009791374,1.374956727027893
73859,0.006154127884656191,-0.009095365181565285,1.3749059438705444
73866,0.006340694148093462,-0.009108017198741436,1.3749492168426514
73878,0.005896901246160269,-0.008481458760797977,1.3752645254135132
73886,0.006069676484912634,-0.008379321545362473,1.375413417816162
73896,0.005987090058624744,-0.008064067922532558,1.3760619163513184
73906,0.005979318171739578,-0.007639321964234114,1.3761943578720093
73917,0.005606458522379398,-0.006787119898945093,1.3763643503189087
73926,0.005535646807402372,-0.006186442915350199,1.3766753673553467
73936,0.005383274517953396,-0.005890551023185253,1.3772320747375488
73946,0.005673854611814022,-0.005837143864482641,1.3770869970321655
73956,0.005541757680475712,-0.005406178068369627,1.3775190114974976
73966,0.005454994738101959,-0.0047894250601530075,1.3777719736099243
73976,0.005410424433648586,-0.0040878490544855595,1.3780244588851929
73986,0.005290493369102478,-0.0035764211788773537,1.3779371976852417
73996,0.005139954388141632,-0.0029931161552667618,1.3782012462615967
74006,0.0050524757243692875,-0.002358263824135065,1.3783613443374634
74018,0.005157448351383209,-0.0022932507563382387,1.378058671951294
74031,0.004491277504712343,-0.0005552557995542884,1.379154086112976
74036,0.004491277504712343,-0.0005552557995542884,1.379154086112976
74046,0.0044098603539168835,6.524170748889446e-05,1.3792537450790405
74056,0.004165168385952711,0.0006798396934755147,1.3792717456817627
74067,0.0038819629698991776,0.0014299260219559073,1.379558801651001
74076,0.003673062426969409,0.002040793653577566,1.3795658349990845
74087,0.003529059002175927,0.002569326665252447,1.3795663118362427
74096,0.004970422014594078,0.002239657798781991,1.378900408744812
74106,0.0049125999212265015,0.0027808889281004667,1.3788952827453613
74117,0.004544192925095558,0.0020879118237644434,1.3779548406600952
74126,0.004469572566449642,0.0025727753527462482,1.377875566482544
74138,0.004497801419347525,0.002981779398396611,1.3771828413009644
74146,0.0040349094197154045,0.003855092218145728,1.378146767616272
74156,0.004457823466509581,0.004233514424413443,1.3773705959320068
74166,0.0038965879939496517,0.004910399205982685,1.378021240234375
74176,0.004529538564383984,0.00513232359662652,1.377318263053894
74186,0.0044599659740924835,0.005541742779314518,1.3771551847457886
74196,0.004392068367451429,0.0059398687444627285,1.3769915103912354
74206,0.0037865457125008106,0.006379245314747095,1.3774346113204956
74217,0.004396607633680105,0.005749608855694532,1.3760217428207397
74226,0.003995364997535944,0.006470862310379744,1.3767849206924438
74236,0.003933771047741175,0.006824585609138012,1.376607894897461
74246,0.0038487142883241177,0.007399846334010363,1.376785397529602
74256,0.0037916270084679127,0.007759056985378265,1.3766106367111206
74266,0.0037664417177438736,0.00818789191544056,1.3765513896942139
74276,0.004307246766984463,0.0073322150856256485,1.37565279006958
74286,0.004274269565939903,0.007615725975483656,1.3754398822784424
74296,0.004557491280138493,0.008583159185945988,1.3744633197784424
74306,0.004537669941782951,0.00889017153531313,1.3741779327392578
74316,0.0041666701436042786,0.008885850198566914,1.3738092184066772
74326,0.0041289180517196655,0.009174230508506298,1.3734947443008423
74336,0.004274408333003521,0.009504256770014763,1.3727436065673828
74346,0.004241276998072863,0.009785693138837814,1.3723735809326172
74356,0.004203919321298599,0.010060984641313553,1.3720120191574097
74366,0.004033155273646116,0.010847694240510464,1.3726987838745117
74376,0.00398241076618433,0.011134481988847256,1.3724528551101685
74386,0.0039308643899858,0.011412462219595909,1.3722211122512817
74396,0.0038788714446127415,0.011680359952151775,1.3720099925994873
74406,0.0038272629026323557,0.011936994269490242,1.3718178272247314
74416,0.0037791740614920855,0.012182516045868397,1.3716460466384888
74426,0.004035602789372206,0.012745743617415428,1.3718219995498657
74436,0.004023893736302853,0.013000018894672394,1.3716933727264404
74446,0.004017706960439682,0.013244789093732834,1.3715764284133911
74456,0.004018898122012615,0.0134806577116251,1.3714736700057983
74466,0.004274035803973675,0.013796692714095116,1.3712701797485352
74476,0.004314730875194073,0.014028910547494888,1.3711873292922974
74486,0.004494519904255867,0.014286450110375881,1.3709808588027954
74496,0.005898045375943184,0.013759163208305836,1.3703917264938354
74506,0.005417086184024811,0.013796131126582623,1.370592713356018
74517,0.006099403835833073,0.014132584445178509,1.369616150856018
74526,0.005606424994766712,0.01428421214222908,1.3699811697006226
74537,0.006226813420653343,0.014573565684258938,1.369142770767212
74546,0.0056252386420965195,0.014657343737781048,1.3695162534713745
74556,0.006282269023358822,0.014861454255878925,1.368723750114441
74566,0.006405815947800875,0.015029657632112503,1.3685965538024902
74576,0.0065229954198002815,0.015194928273558617,1.3684779405593872
74586,0.005856459029018879,0.015269224531948566,1.3689152002334595
74596,0.006103468127548695,0.014612718485295773,1.3679049015045166
74606,0.006107814610004425,0.015290669165551662,1.3686083555221558
74616,0.0061765918508172035,0.015437914058566093,1.3685499429702759
74626,0.006138358265161514,0.015735777094960213,1.3688091039657593
74636,0.006179681047797203,0.015849430114030838,1.3687845468521118
74646,0.006231777835637331,0.01602974720299244,1.3688842058181763
74656,0.006262495648115873,0.01611933670938015,1.3688714504241943
74666,0.0064048441126942635,0.01620347611606121,1.3687504529953003
74676,0.006434326991438866,0.016262739896774292,1.3687142133712769
74686,0.006462514866143465,0.016306746751070023,1.3686662912368774
74696,0.0055490517988801,0.017669817432761192,1.3672057390213013
74706,0.005788406822830439,0.01782769151031971,1.3669856786727905
74716,0.00579293817281723,0.01791256293654442,1.3667986392974854
74726,0.005872707813978195,0.018063131719827652,1.3666380643844604
74736,0.005883981939405203,0.018139299005270004,1.3664385080337524
74746,0.005895067937672138,0.0182114876806736,1.3662389516830444
74756,0.005432015750557184,0.018727710470557213,1.365551233291626
74766,0.005601937882602215,0.018893204629421234,1.365309715270996
74776,0.0054347156547009945,0.019071064889431,1.3649506568908691
74786,0.005423063412308693,0.019178291782736778,1.3646851778030396
74796,0.005406251642853022,0.019285492599010468,1.364424705505371
74806,0.0053825597278773785,0.01939111202955246,1.3641564846038818
74816,0.006450633052736521,0.017802437767386436,1.3624889850616455
74826,0.006447873078286648,0.017819175496697426,1.362130045890808
74836,0.006514856591820717,0.017911601811647415,1.3616667985916138
74846,0.006500902120023966,0.017916688695549965,1.3612895011901855
74856,0.006378759630024433,0.01802557148039341,1.3607227802276611
74866,0.0063483826816082,0.018010487779974937,1.3603405952453613
74876,0.0063103665597736835,0.017980528995394707,1.3599498271942139
74886,0.006264301482588053,0.017934825271368027,1.3595606088638306
74896,0.0062105110846459866,0.017872415482997894,1.359182596206665
74906,0.006150152068585157,0.017793888226151466,1.3588182926177979
74916,0.006083838641643524,0.0177003126591444,1.358457088470459
74927,0.00601239362731576,0.019069524481892586,1.3598146438598633
74936,0.006166975013911724,0.018437685444951057,1.3589262962341309
74947,0.005890894681215286,0.01932424120604992,1.3593260049819946
74956,0.005799250211566687,0.019283615052700043,1.3590816259384155
74966,0.005467087496072054,0.0197086650878191,1.3594722747802734
74976,0.005899961106479168,0.01854979805648327,1.358435869216919
74986,0.005799308884888887,0.018490556627511978,1.3582106828689575
74996,0.005693178158253431,0.01843160018324852,1.3579930067062378
75006,0.0055814399383962154,0.018372833728790283,1.3577736616134644
75016,0.005464848130941391,0.018312495201826096,1.357542634010315
75026,0.005777720361948013,0.019150426611304283,1.3582676649093628
75036,0.005672364961355925,0.019137362018227577,1.3581129312515259
75046,0.005560602992773056,0.019118323922157288,1.3579418659210205
75056,0.005443137604743242,0.019091881811618805,1.357765793800354
75066,0.005320176016539335,0.019055884331464767,1.3575934171676636
75076,0.005191607866436243,0.019006552174687386,1.3574168682098389
75086,0.005058285780251026,0.018941137939691544,1.3572360277175903
75096,0.004921683110296726,0.018856868147850037,1.3570541143417358
75106,0.004224657081067562,0.019923072308301926,1.355175495147705
75116,0.004056998528540134,0.019858257845044136,1.3548777103424072
75126,0.003944044932723045,0.019938113167881966,1.354357361793518
75136,0.003781466279178858,0.019826093688607216,1.3540197610855103
75146,0.0036842459812760353,0.019729698076844215,1.3536221981048584
75156,0.0035290538799017668,0.019547114148736,1.3532636165618896
75166,0.003375762142241001,0.01932031661272049,1.352896809577942
75176,0.0032257139682769775,0.01904553733766079,1.3525309562683105
75186,0.0031919265165925026,0.01876796782016754,1.3521239757537842
75196,0.004493837244808674,0.016484364867210388,1.3499529361724854
75206,0.004440759774297476,0.015953486785292625,1.3494596481323242
75216,0.004440759774297476,0.015953486785292625,1.3494596481323242
75226,0.004349519498646259,0.014690933749079704,1.3484596014022827
75236,0.004349519498646259,0.014690933749079704,1.3484596014022827
75246,0.004310528747737408,0.013948758132755756,1.3479527235031128
75256,0.0045408750884234905,0.012751325964927673,1.3473914861679077
75268,0.004964234307408333,0.010215191170573235,1.3467775583267212
75276,0.0047375792637467384,0.010458206757903099,1.3467543125152588
75286,0.004744958598166704,0.009340964257717133,1.346308708190918
75296,0.004757258575409651,0.008118931204080582,1.345863938331604
75306,0.004774042870849371,0.0067859431728720665,1.345416784286499
75316,0.004940783604979515,0.005177471321076155,1.3449287414550781
75327,0.004695858806371689,0.0018589916871860623,1.343528151512146
75336,0.004695858806371689,0.0018589916871860623,1.343528151512146
75347,0.005252863746136427,-0.002876271726563573,1.3413290977478027
75356,0.005252863746136427,-0.002876271726563573,1.3413290977478027
75366,0.005263835657387972,-0.0053515126928687096,1.3402869701385498
75376,0.004370107781141996,-0.008070803247392178,1.3406368494033813
75386,0.00440088240429759,-0.010644111782312393,1.340069055557251
75396,0.004266474395990372,-0.013645987026393414,1.3398009538650513
75406,0.0040282802656292915,-0.017460625618696213,1.3385255336761475
75416,0.004036865197122097,-0.02067634090781212,1.3379002809524536
75426,0.005565715488046408,-0.022448573261499405,1.3379216194152832
75436,0.005603934172540903,-0.026025598868727684,1.3373334407806396
75446,0.00563415139913559,-0.029839742928743362,1.336734652519226
75456,0.005655028857290745,-0.033899202942848206,1.3361324071884155
75466,0.0056653399951756,-0.03821032866835594,1.335525393486023
75476,0.004993504844605923,-0.04333166778087616,1.3359391689300537
75486,0.006600178778171539,-0.045405127108097076,1.3380118608474731
75496,0.006637004669755697,-0.050398215651512146,1.3376535177230835
75506,0.006784906145185232,-0.05496491864323616,1.3381891250610352
75516,0.006815057247877121,-0.06044840067625046,1.3378756046295166
75526,0.006981872953474522,-0.06587182730436325,1.337997317314148
75536,0.007007425185292959,-0.07185615599155426,1.3377162218093872
75546,0.0026921264361590147,-0.07553505897521973,1.3337379693984985
75556,0.002516796113923192,-0.08194291591644287,1.3332033157348633
75566,0.004335649311542511,-0.09294912219047546,1.329379916191101
75576,0.004197726957499981,-0.10010742396116257,1.3285995721817017
75586,0.004051357973366976,-0.10752423107624054,1.327806830406189
75598,0.0034617441706359386,-0.12177802622318268,1.3282591104507446
75606,0.0034617441706359386,-0.12177802622318268,1.3282591104507446
75616,0.0032843477092683315,-0.12989723682403564,1.327576994895935
75626,0.0031000575982034206,-0.1382620632648468,1.3268826007843018
75636,0.0029096491634845734,-0.14686888456344604,1.3261845111846924
75646,0.002712865127250552,-0.15571196377277374,1.3254896402359009
75656,0.0020444218534976244,-0.16489405930042267,1.3255810737609863
75666,0.0017973617650568485,-0.17419463396072388,1.3249520063400269
75678,0.0036319384817034006,-0.18996740877628326,1.326582670211792
75686,0.0036319384817034006,-0.18996740877628326,1.326582670211792
75696,0.003522484330460429,-0.19968056678771973,1.3261739015579224
75706,0.003411384765058756,-0.2095760852098465,1.3257887363433838
75717,0.00391590129584074,-0.22808940708637238,1.3268877267837524
75726,0.00391590129584074,-0.22808940708637238,1.3268877267837524
75736,0.0018866335740312934,-0.2364262342453003,1.3253830671310425
75746,0.0017335203010588884,-0.2467433214187622,1.3251880407333374
75756,0.0015769681194797158,-0.2571876049041748,1.32504141330719
75766,-0.0031591446604579687,-0.26566943526268005,1.3215304613113403
75776,-0.0023055551573634148,-0.27728062868118286,1.3215289115905762
75786,-0.002655279589816928,-0.28796321153640747,1.3213396072387695
75796,-0.003008446888998151,-0.29877468943595886,1.3218022584915161
75806,-0.003362808609381318,-0.30977174639701843,1.3236879110336304
75816,-0.0046779680997133255,-0.32101526856422424,1.3272690773010254
75826,-0.005095824133604765,-0.3322121500968933,1.3292362689971924
75838,-0.00047501514200121164,-0.34535205364227295,1.3298721313476562
75846,-0.00312819960527122,-0.3429780900478363,1.3256199359893799
75856,-0.0034587120171636343,-0.35367080569267273,1.3248969316482544
75866,-0.004655729979276657,-0.36236971616744995,1.322609782218933
75876,-0.005012209061533213,-0.37361517548561096,1.322495937347412
75886,-0.005367283709347248,-0.384958952665329,1.3217881917953491
75897,-0.00576012022793293,-0.4095621407032013,1.320836067199707
75906,-0.007873686030507088,-0.40383392572402954,1.321624517440796
75916,-0.00821556057780981,-0.41558006405830383,1.319517731666565
75926,-0.008512217551469803,-0.42751142382621765,1.3168867826461792
75936,-0.008747728541493416,-0.43963155150413513,1.3137081861495972
75946,-0.008906054310500622,-0.45194873213768005,1.3099759817123413
75956,-0.008976100012660027,-0.4644639492034912,1.305678367614746
75966,-0.013215698301792145,-0.4413066804409027,1.3066270351409912
75977,-0.020186664536595345,-0.4542631208896637,1.309796929359436
75986,-0.025409771129488945,-0.44087928533554077,1.3125066757202148
75996,-0.026174155995249748,-0.4516788721084595,1.3077267408370972
76006,-0.026860659942030907,-0.46267199516296387,1.3026915788650513
76017,-0.035010870546102524,-0.47167450189590454,1.3098284006118774
76026,-0.051216091960668564,-0.45189812779426575,1.3084193468093872
76036,-0.05989629402756691,-0.45748430490493774,1.3059171438217163
76046,-0.05991526320576668,-0.4565712809562683,1.307256817817688
76056,-0.061404138803482056,-0.4672399163246155,1.302630066871643
76066,-0.06428143382072449,-0.47752997279167175,1.2961593866348267
76076,-0.06621832400560379,-0.48830562829971313,1.291424036026001
76086,-0.06605010479688644,-0.498153954744339,1.2852859497070312
76096,-0.06836953014135361,-0.5089946985244751,1.2803148031234741
76106,-0.07090223580598831,-0.5199064016342163,1.2751994132995605
76116,-0.07364047318696976,-0.5308961868286133,1.269916296005249
76126,-0.07657302170991898,-0.5419727563858032,1.2644472122192383
76136,-0.07969334721565247,-0.5531487464904785,1.2588121891021729
76146,-0.0829910859465599,-0.5644369721412659,1.2530485391616821
76156,-0.08546304702758789,-0.5034573078155518,1.2837090492248535
76166,-0.08801024407148361,-0.5098898410797119,1.279504418373108
76176,-0.09064555913209915,-0.5163952708244324,1.2752529382705688
76186,-0.09333635121583939,-0.5229688882827759,1.2709155082702637
76196,-0.09378401935100555,-0.5043079257011414,1.2792749404907227
76206,-0.08852672576904297,-0.5124239921569824,1.2816452980041504
76216,-0.09013634920120239,-0.5174475312232971,1.2782549858093262
76226,-0.08874328434467316,-0.5223768353462219,1.2752577066421509
76236,-0.09490376710891724,-0.5057469010353088,1.2861154079437256
76246,-0.09644158184528351,-0.5096691250801086,1.283691167831421
76256,-0.09785041213035583,-0.5135327577590942,1.2813150882720947
76266,-0.09913189709186554,-0.5173256993293762,1.2789392471313477
76276,-0.10699200630187988,-0.5086804628372192,1.2880785465240479
76286,-0.10839419811964035,-0.5116865634918213,1.2864881753921509
76296,-0.11389012634754181,-0.5101161599159241,1.2919723987579346
76306,-0.12864726781845093,-0.5082566738128662,1.2820744514465332
76316,-0.13081204891204834,-0.510468065738678,1.2806802988052368
76326,-0.13292762637138367,-0.5125359892845154,1.2792861461639404
76336,-0.13501068949699402,-0.5144626498222351,1.2778452634811401
76346,-0.137074813246727,-0.516249418258667,1.2763280868530273
76356,-0.15194039046764374,-0.5007926821708679,1.2736035585403442
76366,-0.1546148955821991,-0.5014523267745972,1.2718853950500488
76376,-0.15929283201694489,-0.49966374039649963,1.269248366355896
76386,-0.16210365295410156,-0.49993830919265747,1.267363429069519
76396,-0.1825837343931198,-0.5114881992340088,1.2826138734817505
76406,-0.1862092763185501,-0.5118480920791626,1.2818479537963867
76416,-0.18986892700195312,-0.5120534300804138,1.2810425758361816
76426,-0.19355975091457367,-0.5121069550514221,1.2801827192306519
76436,-0.19727663695812225,-0.5120147466659546,1.27923583984375
76446,-0.20101170241832733,-0.5117824673652649,1.2781721353530884
76456,-0.21166880428791046,-0.5173365473747253,1.2818560600280762
76466,-0.2159304916858673,-0.5172696709632874,1.2810382843017578
76476,-0.22016464173793793,-0.5170455574989319,1.2802306413650513
76486,-0.22428706288337708,-0.5166410207748413,1.2790104150772095
76496,-0.22840024530887604,-0.5161235332489014,1.2781316041946411
76506,-0.23218528926372528,-0.5159405469894409,1.2778908014297485
76516,-0.23612557351589203,-0.5151693224906921,1.2769583463668823
76526,-0.23998023569583893,-0.5142737627029419,1.2758994102478027
76536,-0.24374715983867645,-0.5132660269737244,1.274673581123352
76546,-0.24741992354393005,-0.5121488571166992,1.2732975482940674
76556,-0.25099098682403564,-0.5109173059463501,1.2718286514282227
76566,-0.28483492136001587,-0.5314473509788513,1.262359619140625
76576,-0.285438597202301,-0.5369577407836914,1.2590713500976562
76586,-0.3006172478199005,-0.5419033169746399,1.2596898078918457
76596,-0.3026352524757385,-0.5432453751564026,1.2587511539459229
76606,-0.315776526927948,-0.5466727018356323,1.258317232131958
76616,-0.31805384159088135,-0.5480295419692993,1.2571922540664673
76626,-0.33040693402290344,-0.5508044362068176,1.2563056945800781
76636,-0.3325737714767456,-0.5523958206176758,1.2550508975982666
76646,-0.34457120299339294,-0.5548493266105652,1.25409734249115
76656,-0.3480082154273987,-0.5562092661857605,1.2552320957183838
76666,-0.35865646600723267,-0.5558965802192688,1.252720594406128
76676,-0.36077776551246643,-0.5608989596366882,1.2529369592666626
76686,-0.3712279200553894,-0.5606127977371216,1.250643014907837
76696,-0.3729414641857147,-0.5660032033920288,1.2507319450378418
76709,-0.3874451220035553,-0.570915162563324,1.2450133562088013
76716,-0.3874451220035553,-0.570915162563324,1.2450133562088013
76729,-0.3976619243621826,-0.5756251811981201,1.2414674758911133
76736,-0.3976619243621826,-0.5756251811981201,1.2414674758911133
76746,-0.403149276971817,-0.5756033658981323,1.2400680780410767
76756,-0.40871793031692505,-0.5756056904792786,1.23867666721344
76766,-0.41437387466430664,-0.5756479501724243,1.2372822761535645
76776,-0.42012304067611694,-0.5757436752319336,1.2358585596084595
76786,-0.4314413368701935,-0.5803788900375366,1.2416657209396362
76796,-0.4372398257255554,-0.5850493907928467,1.23786199092865
76806,-0.4434572756290436,-0.5858887434005737,1.236554741859436
76819,-0.43806585669517517,-0.5981666445732117,1.2373061180114746
76826,-0.44385144114494324,-0.5996819138526917,1.2360477447509766
76836,-0.44974103569984436,-0.6013177633285522,1.2347280979156494
76846,-0.45058107376098633,-0.6019737124443054,1.2356442213058472
76856,-0.4543256163597107,-0.599264919757843,1.2347170114517212
76866,-0.4602411389350891,-0.601069450378418,1.2332957983016968
76876,-0.4662645757198334,-0.6030001044273376,1.231803059577942
76886,-0.45683953166007996,-0.6067036986351013,1.2342077493667603
76896,-0.46217694878578186,-0.6088560819625854,1.2327945232391357
76906,-0.4676037132740021,-0.6111301183700562,1.2313683032989502
76916,-0.47311243414878845,-0.613522469997406,1.2299420833587646
76926,-0.47869473695755005,-0.616030752658844,1.2285369634628296
76936,-0.4843398928642273,-0.6186500787734985,1.2271592617034912
76946,-0.4900357127189636,-0.6213739514350891,1.2258102893829346
76956,-0.4865262508392334,-0.5960103869438171,1.2243980169296265
76966,-0.49145328998565674,-0.5969434976577759,1.2228522300720215
76976,-0.4963819682598114,-0.5979354977607727,1.221352219581604
76986,-0.5013007521629333,-0.5989797115325928,1.219900369644165
76996,-0.5023738741874695,-0.5881292223930359,1.217145323753357
77006,-0.5068042278289795,-0.5884901285171509,1.2155871391296387
77016,-0.509695827960968,-0.5835462212562561,1.21378493309021
77026,-0.5138687491416931,-0.5836426615715027,1.212196946144104
77036,-0.517037034034729,-0.5803475379943848,1.2106794118881226
77046,-0.5206933617591858,-0.5807798504829407,1.2103594541549683
77056,-0.4845493733882904,-0.6025935411453247,1.2356082201004028
77066,-0.4708814024925232,-0.6023431420326233,1.2479376792907715
77077,-0.4720523953437805,-0.6031239628791809,1.251444697380066
77086,-0.4752117693424225,-0.6055005192756653,1.2525362968444824
77096,-0.4755712151527405,-0.6072188019752502,1.2535871267318726
77106,-0.47624456882476807,-0.6083441376686096,1.2540805339813232
77116,-0.47538232803344727,-0.6081792116165161,1.2569259405136108
77126,-0.4788499176502228,-0.610714852809906,1.2574588060379028
77136,-0.4772861897945404,-0.6113339066505432,1.259097933769226
77146,-0.477739155292511,-0.6126767992973328,1.2595378160476685
77156,-0.4781643748283386,-0.6141011714935303,1.2598782777786255
77166,-0.4813621938228607,-0.6170228123664856,1.2604033946990967
77176,-0.4808940887451172,-0.6197879910469055,1.2609376907348633
77186,-0.48126718401908875,-0.6216196417808533,1.2610119581222534
77196,-0.48160919547080994,-0.6235759854316711,1.2610094547271729
77206,-0.4822792112827301,-0.626108705997467,1.2613383531570435
77216,-0.4825550317764282,-0.6283749341964722,1.2612390518188477
77226,-0.4827950596809387,-0.6307880878448486,1.2610514163970947
77236,-0.48300033807754517,-0.6333511471748352,1.2607663869857788
77246,-0.483171671628952,-0.6360671520233154,1.2603862285614014
77256,-0.483310729265213,-0.6389358639717102,1.2599104642868042
77266,-0.48341745138168335,-0.6419577598571777,1.2593492269515991
77276,-0.4834866225719452,-0.6451364159584045,1.2587052583694458
77286,-0.4821940064430237,-0.6330882906913757,1.2686091661453247
77296,-0.482084184885025,-0.6356469392776489,1.2684612274169922
77306,-0.4807775616645813,-0.6384934782981873,1.2676901817321777
77316,-0.4804968535900116,-0.6413477063179016,1.267444133758545
77326,-0.4801536202430725,-0.644330620765686,1.267173409461975
77336,-0.47975558042526245,-0.6474276185035706,1.2668496370315552
77346,-0.48184165358543396,-0.637290894985199,1.2725496292114258
77356,-0.4814164638519287,-0.6401782035827637,1.2724027633666992
77366,-0.48096156120300293,-0.6431386470794678,1.2721203565597534
77376,-0.48048049211502075,-0.6461660265922546,1.2717348337173462
77386,-0.4799743890762329,-0.6492538452148438,1.2712777853012085
77396,-0.4794413447380066,-0.6523951292037964,1.2707571983337402
77406,-0.4788728356361389,-0.6555833220481873,1.270151972770691
77416,-0.47825491428375244,-0.6588142514228821,1.2694507837295532
77426,-0.4775661528110504,-0.6620848178863525,1.2686748504638672
77436,-0.4767787456512451,-0.6653898358345032,1.2678381204605103
77446,-0.4717804789543152,-0.6419885754585266,1.277634859085083
77456,-0.47117704153060913,-0.6447827219963074,1.2788246870040894
77466,-0.4655746817588806,-0.6395306587219238,1.280342698097229
77476,-0.4638611376285553,-0.6414373517036438,1.2802512645721436
77486,-0.4646722972393036,-0.6420513987541199,1.2818260192871094
77496,-0.46259570121765137,-0.6439459919929504,1.2817186117172241
77506,-0.4666687846183777,-0.6457614898681641,1.2831789255142212
77516,-0.46412551403045654,-0.6483179330825806,1.284735918045044
77526,-0.4713026285171509,-0.6510072946548462,1.2838808298110962
77536,-0.4663752615451813,-0.6550750732421875,1.2832834720611572
77546,-0.47696536779403687,-0.6551783680915833,1.2858633995056152
77556,-0.4719972312450409,-0.6595554947853088,1.285585641860962
77566,-0.4775873124599457,-0.6589048504829407,1.2821171283721924
77576,-0.47262370586395264,-0.6635352373123169,1.2815420627593994
77586,-0.48689714074134827,-0.6693921685218811,1.2861642837524414
77596,-0.4826822876930237,-0.6746712923049927,1.28585946559906
77606,-0.48741909861564636,-0.6750245690345764,1.2925649881362915
77616,-0.48374301195144653,-0.6807063221931458,1.2934798002243042
77626,-0.48374301195144653,-0.6807063221931458,1.2934798002243042
77636,-0.4804994761943817,-0.6868838667869568,1.294599175453186
77646,-0.5068729519844055,-0.6839509606361389,1.292034387588501
77656,-0.507051944732666,-0.6901837587356567,1.2924141883850098
77666,-0.507051944732666,-0.6901837587356567,1.2924141883850098
77676,-0.5078915953636169,-0.6969124674797058,1.2923904657363892
77686,-0.5078915953636169,-0.6969124674797058,1.2923904657363892
77696,-0.5093716382980347,-0.7041030526161194,1.292001485824585
77706,-0.5093716382980347,-0.7041030526161194,1.292001485824585
77722,-0.5236260294914246,-0.7038246393203735,1.3027820587158203
77726,-0.5236260294914246,-0.7038246393203735,1.3027820587158203
77736,-0.5273895859718323,-0.7107208967208862,1.3028786182403564
77746,-0.5287137031555176,-0.7064025402069092,1.306682825088501
77756,-0.5323326587677002,-0.7144196033477783,1.308683156967163
77766,-0.5345672965049744,-0.7180304527282715,1.3085154294967651
77776,-0.5362476706504822,-0.7170987129211426,1.3100217580795288
77786,-0.5411468148231506,-0.7243672609329224,1.30924391746521
77796,-0.5411468148231506,-0.7243672609329224,1.30924391746521
77806,-0.5444104075431824,-0.7255286574363708,1.313231110572815
77816,-0.5444104075431824,-0.7255286574363708,1.313231110572815
77826,-0.5580719709396362,-0.731818675994873,1.308164358139038
77836,-0.5580719709396362,-0.731818675994873,1.308164358139038
77846,-0.5671406984329224,-0.7384450435638428,1.303908109664917
77856,-0.5671406984329224,-0.7384450435638428,1.303908109664917
77866,-0.5752297639846802,-0.7452208399772644,1.2989580631256104
77876,-0.5752297639846802,-0.7452208399772644,1.2989580631256104
77886,-0.5841560959815979,-0.7518360018730164,1.2930023670196533
77898,-0.587020218372345,-0.7287819981575012,1.3035043478012085
77906,-0.587020218372345,-0.7287819981575012,1.3035043478012085
77918,-0.5899078845977783,-0.7269970178604126,1.2998120784759521
77926,-0.5899078845977783,-0.7269970178604126,1.2998120784759521
77940,-0.5983449220657349,-0.7281105518341064,1.295237421989441
77946,-0.5983449220657349,-0.7281105518341064,1.295237421989441
77956,-0.5937758088111877,-0.7280629277229309,1.2959614992141724
77966,-0.5990920662879944,-0.7240985631942749,1.2917665243148804
77976,-0.5957210063934326,-0.7289949059486389,1.2920244932174683
77986,-0.6043038964271545,-0.7298480272293091,1.2892662286758423
77996,-0.5989139676094055,-0.731448233127594,1.2889641523361206
78006,-0.6050137877464294,-0.7308796048164368,1.2853646278381348
78016,-0.6074270009994507,-0.7340797185897827,1.2820041179656982
78026,-0.6099343299865723,-0.7275140881538391,1.277029037475586
78036,-0.6162077784538269,-0.7261580228805542,1.2731050252914429
78046,-0.6218468546867371,-0.7242947816848755,1.2679100036621094
78056,-0.6282522678375244,-0.7224012613296509,1.263781189918518
78066,-0.6177499294281006,-0.7274066209793091,1.2681211233139038
78076,-0.6234405636787415,-0.7252035737037659,1.2642383575439453
78086,-0.6291476488113403,-0.722760796546936,1.26029372215271
78096,-0.6043410301208496,-0.7396393418312073,1.2656784057617188
78106,-0.6085106134414673,-0.737473726272583,1.2620019912719727
78119,-0.6115090847015381,-0.7439128160476685,1.2642561197280884
78126,-0.6148175597190857,-0.7393682599067688,1.260983943939209
78136,-0.6186873316764832,-0.7368239164352417,1.2577905654907227
78146,-0.622485876083374,-0.7341124415397644,1.2546191215515137
78156,-0.6262113451957703,-0.7312330007553101,1.2514822483062744
78166,-0.6298635601997375,-0.7281818985939026,1.2483881711959839
78176,-0.621984601020813,-0.7374447584152222,1.2508671283721924
78186,-0.62491375207901,-0.7348594069480896,1.2481712102890015
78199,-0.6267977952957153,-0.7396811246871948,1.2511495351791382
78206,-0.6295446157455444,-0.7373955845832825,1.2489551305770874
78219,-0.6287604570388794,-0.742729663848877,1.2503232955932617
78226,-0.6312354803085327,-0.7403646111488342,1.2483941316604614
78236,-0.6298714280128479,-0.7385523319244385,1.2475857734680176
78246,-0.6320947408676147,-0.7358318567276001,1.2457451820373535
78256,-0.628308892250061,-0.7386237382888794,1.24411940574646
78266,-0.6299899816513062,-0.7357822060585022,1.2423458099365234
78276,-0.6313551664352417,-0.734477698802948,1.2405672073364258
78286,-0.6327476501464844,-0.7312380075454712,1.2388237714767456
78296,-0.6339889168739319,-0.7277714610099792,1.2370909452438354
78306,-0.6376702189445496,-0.7291466593742371,1.237718939781189
78316,-0.6386183500289917,-0.7253857851028442,1.2361390590667725
78326,-0.6393823027610779,-0.7213734984397888,1.2345625162124634
78337,-0.6416273713111877,-0.7198250889778137,1.2407472133636475
78346,-0.642184317111969,-0.7154898047447205,1.2397253513336182
78356,-0.6425401568412781,-0.7109017372131348,1.2386550903320312
78366,-0.6426853537559509,-0.7060580253601074,1.2375398874282837
78378,-0.6418167948722839,-0.7245219945907593,1.2382128238677979
78386,-0.6414414048194885,-0.7210479974746704,1.237263560295105
78396,-0.6408289670944214,-0.7173412442207336,1.2363107204437256
78406,-0.6446533203125,-0.7260593175888062,1.2319037914276123
78417,-0.6468459963798523,-0.7246540784835815,1.2352486848831177
78426,-0.6459338665008545,-0.7212143540382385,1.2343356609344482
78438,-0.6494364738464355,-0.7191973924636841,1.238290548324585
78446,-0.648156464099884,-0.715508759021759,1.237649917602539
78457,-0.652164101600647,-0.7131736874580383,1.2417206764221191
78466,-0.6505127549171448,-0.7093029618263245,1.2413697242736816
78476,-0.648604691028595,-0.7052851915359497,1.2409641742706299
78486,-0.6464440822601318,-0.701130747795105,1.240485668182373
78498,-0.656573474407196,-0.7003202438354492,1.2474949359893799
78506,-0.6545267701148987,-0.6962607502937317,1.2475382089614868
78516,-0.6522384285926819,-0.6920867562294006,1.2475109100341797
78526,-0.6553879976272583,-0.68895024061203,1.2537274360656738
78536,-0.652855396270752,-0.6847230792045593,1.2540247440338135
78546,-0.6500926613807678,-0.6804010272026062,1.2542182207107544
78556,-0.6381334662437439,-0.6822513937950134,1.2559568881988525
78566,-0.634425938129425,-0.6781324744224548,1.2561309337615967
78576,-0.6304713487625122,-0.6739335656166077,1.2562216520309448
78588,-0.6560617685317993,-0.7400456070899963,1.228887677192688
78596,-0.6530106067657471,-0.7391018271446228,1.2277008295059204
78606,-0.6497173309326172,-0.7381179332733154,1.226453423500061
78616,-0.6504503488540649,-0.7376623749732971,1.2310752868652344
78626,-0.6467466354370117,-0.7365970015525818,1.2300084829330444
78636,-0.6427942514419556,-0.7354909181594849,1.2288559675216675
78646,-0.6385891437530518,-0.7343428134918213,1.227616786956787
78656,-0.657973051071167,-0.7432072162628174,1.2312625646591187
78668,-0.6616837978363037,-0.7396894693374634,1.2289156913757324
78676,-0.6639391183853149,-0.7415730953216553,1.231335163116455
78686,-0.6603565216064453,-0.739422619342804,1.2307062149047852
78696,-0.6563632488250732,-0.7381329536437988,1.2293241024017334
78706,-0.6539105176925659,-0.7398647665977478,1.2307573556900024
78716,-0.6495075225830078,-0.7385234236717224,1.2293379306793213
78728,-0.6625356078147888,-0.7352339625358582,1.223738670349121
78736,-0.6655152440071106,-0.7379341125488281,1.2270879745483398
78746,-0.661364734172821,-0.736426591873169,1.225347638130188
78759,-0.6652436852455139,-0.7365396618843079,1.2280329465866089
78766,-0.6607300639152527,-0.7349140644073486,1.2262425422668457
78779,-0.6609307527542114,-0.7323130369186401,1.2260874509811401
78788,-0.6640586853027344,-0.7339774966239929,1.2239853143692017
78796,-0.6590651273727417,-0.73216313123703,1.2218598127365112
78806,-0.6537611484527588,-0.7302494645118713,1.2196025848388672
78817,-0.6659100651741028,-0.7348390221595764,1.2276955842971802
78826,-0.6604672074317932,-0.7328267097473145,1.2257144451141357
78838,-0.6655539274215698,-0.7338753938674927,1.2256461381912231
78846,-0.6597427725791931,-0.7318699955940247,1.223525881767273
78858,-0.6559855937957764,-0.7349680662155151,1.2244629859924316
78866,-0.6496312022209167,-0.7329477071762085,1.2222739458084106
78876,-0.6429242491722107,-0.7308031320571899,1.2199079990386963
78886,-0.6358710527420044,-0.7285206913948059,1.2173367738723755
78896,-0.6599780321121216,-0.7275518178939819,1.2157179117202759
78906,-0.6548994779586792,-0.7253963351249695,1.2130788564682007
78917,-0.6678718328475952,-0.7256599068641663,1.2188353538513184
78926,-0.66359543800354,-0.7223228812217712,1.216413974761963
78937,-0.6642473936080933,-0.7252953052520752,1.2200453281402588
78946,-0.6637281775474548,-0.7208121418952942,1.2157071828842163
78956,-0.6627295613288879,-0.7199366688728333,1.219284176826477
78966,-0.6636083126068115,-0.7197772860527039,1.21428382396698
78977,-0.6714456081390381,-0.7243738770484924,1.2229793071746826
78986,-0.6653010249137878,-0.7208605408668518,1.2200448513031006
78996,-0.6588488221168518,-0.7170801162719727,1.2169511318206787
79006,-0.6520837545394897,-0.7130326628684998,1.213696002960205
79016,-0.6501263380050659,-0.7066864967346191,1.2213854789733887
79026,-0.6429890990257263,-0.7020263075828552,1.2184816598892212
79036,-0.6355547308921814,-0.6971146464347839,1.2153300046920776
79046,-0.6278203725814819,-0.6919424533843994,1.2119314670562744
79056,-0.6197810769081116,-0.6864950656890869,1.208297610282898
79066,-0.6502329707145691,-0.7016290426254272,1.1795588731765747
79076,-0.6429740786552429,-0.7048913836479187,1.179770588874817
79086,-0.6369091868400574,-0.7000307440757751,1.1738125085830688
79096,-0.6305763125419617,-0.6949002742767334,1.167567253112793
79106,-0.6239560842514038,-0.6894869804382324,1.1610724925994873
79116,-0.6170417070388794,-0.6837905645370483,1.1543316841125488
79126,-0.6098358035087585,-0.677819013595581,1.1473256349563599
79136,-0.6023421287536621,-0.6715813875198364,1.140032410621643
79146,-0.6298084259033203,-0.6781499981880188,1.1214584112167358
79156,-0.6241258382797241,-0.6720787882804871,1.1122199296951294
79166,-0.6258134841918945,-0.6713941693305969,1.1002061367034912
79176,-0.6422097086906433,-0.6907358169555664,1.1597397327423096
79186,-0.6369466781616211,-0.6854428052902222,1.1530569791793823
79196,-0.6314026117324829,-0.6799433827400208,1.1460630893707275
79206,-0.6255751848220825,-0.6742511987686157,1.1387360095977783
79217,-0.669995903968811,-0.7092862725257874,1.2230411767959595
79226,-0.6655595302581787,-0.7053707838058472,1.2192442417144775
79236,-0.6604529619216919,-0.7044771909713745,1.2230091094970703
79246,-0.6606737971305847,-0.7101768851280212,1.2131569385528564
79256,-0.6621860265731812,-0.711327075958252,1.2196955680847168
79266,-0.6568431258201599,-0.7075302004814148,1.2151237726211548
79276,-0.6511883735656738,-0.7035956978797913,1.210274577140808
79286,-0.6452168226242065,-0.6995264887809753,1.205155372619629
79296,-0.6389326453208923,-0.695327877998352,1.199752926826477
79306,-0.6323441863059998,-0.691005527973175,1.1940447092056274
79316,-0.625456690788269,-0.6865625381469727,1.1880159378051758
79326,-0.61827152967453,-0.6820003986358643,1.1816601753234863
79336,-0.6107863187789917,-0.6773195862770081,1.174979567527771
79346,-0.6029946804046631,-0.672518789768219,1.1679871082305908
79356,-0.5948903560638428,-0.6675962805747986,1.1606978178024292
79366,-0.586475133895874,-0.662553071975708,1.1531076431274414
79376,-0.6124460101127625,-0.7216659188270569,1.1264172792434692
79386,-0.6053205132484436,-0.7202045321464539,1.1165622472763062
79396,-0.5979025363922119,-0.71866375207901,1.1063854694366455
79406,-0.6282000541687012,-0.6835295557975769,1.1036908626556396
79416,-0.6223469972610474,-0.6801255345344543,1.0932838916778564
79426,-0.6162028908729553,-0.6766289472579956,1.0825692415237427
79436,-0.6323379874229431,-0.7020982503890991,1.1539170742034912
79446,-0.6367509961128235,-0.6945384740829468,1.1473075151443481
79458,-0.646844208240509,-0.7101904153823853,1.1606465578079224
79466,-0.6416429877281189,-0.7076029181480408,1.1535519361495972
79478,-0.6661452651023865,-0.7238247394561768,1.1983870267868042
79486,-0.6613956689834595,-0.7217909097671509,1.1931095123291016
79498,-0.6677324771881104,-0.7261414527893066,1.207345724105835
79506,-0.6627495884895325,-0.7243873476982117,1.2025212049484253
79519,-0.666969358921051,-0.7263106107711792,1.2095351219177246
79526,-0.6566320061683655,-0.7163583040237427,1.20913827419281
79538,-0.6653997302055359,-0.7258712649345398,1.2190808057785034
79546,-0.6576876640319824,-0.7180556654930115,1.2159498929977417
79556,-0.6616461277008057,-0.7241858243942261,1.2222028970718384
79566,-0.6554720401763916,-0.7221909761428833,1.2176862955093384
79577,-0.6619033217430115,-0.7235497236251831,1.2204700708389282
79586,-0.655692994594574,-0.7215542793273926,1.215430498123169
79597,-0.663641095161438,-0.7264700531959534,1.2238959074020386
79606,-0.6574356555938721,-0.72450852394104,1.2186986207962036
79619,-0.6652004718780518,-0.7259863615036011,1.2283324003219604
79626,-0.658886730670929,-0.7238743305206299,1.222960352897644
79638,-0.6656423807144165,-0.7236564755439758,1.2275315523147583
79646,-0.6591556072235107,-0.7213501334190369,1.221909523010254
79658,-0.6675664782524109,-0.7249864935874939,1.2296441793441772
79666,-0.6610264778137207,-0.7225905656814575,1.2240341901779175
79676,-0.6611447334289551,-0.7238954901695251,1.2252891063690186
79686,-0.6545066237449646,-0.7213980555534363,1.219482183456421
79696,-0.6546953916549683,-0.7128502726554871,1.22239351272583
79706,-0.6481421589851379,-0.7098710536956787,1.2166856527328491
79716,-0.6414542198181152,-0.7067490816116333,1.2107057571411133
79726,-0.6346360445022583,-0.7034791707992554,1.2044663429260254
79736,-0.6386614441871643,-0.6955305933952332,1.2211613655090332
79746,-0.6326985359191895,-0.691547155380249,1.216578722000122
79756,-0.6323912739753723,-0.6861943006515503,1.230465292930603
79766,-0.6270216703414917,-0.681715190410614,1.2271455526351929
79776,-0.625816822052002,-0.6765570044517517,1.2398185729980469
79786,-0.6622298359870911,-0.705938458442688,1.208229660987854
79796,-0.6698612570762634,-0.7104564309120178,1.221258521080017
79806,-0.667896032333374,-0.707740306854248,1.2175850868225098
79816,-0.6804787516593933,-0.719547688961029,1.2250615358352661
79826,-0.6756182909011841,-0.7124123573303223,1.2228566408157349
79836,-0.6847426891326904,-0.7199239134788513,1.2356805801391602
79846,-0.6801257133483887,-0.7143457531929016,1.2330880165100098
79856,-0.6787493824958801,-0.7115328907966614,1.229851484298706
79866,-0.6790744066238403,-0.7102352380752563,1.225517749786377
79876,-0.6778230667114258,-0.7073307037353516,1.2217005491256714
79886,-0.6766043901443481,-0.7043322324752808,1.2176328897476196
79896,-0.6754281520843506,-0.7012397646903992,1.2133238315582275
79906,-0.6789836287498474,-0.7027093172073364,1.2066552639007568
79916,-0.6781868934631348,-0.6997361183166504,1.201728343963623
79926,-0.6794090270996094,-0.6990389227867126,1.1955547332763672
79936,-0.6788918375968933,-0.6960275769233704,1.1902925968170166
79946,-0.6784815192222595,-0.6929240822792053,1.1849191188812256
79956,-0.6781825423240662,-0.6897273063659668,1.1794391870498657
79966,-0.6774139404296875,-0.6905632615089417,1.1717779636383057
79976,-0.6773328185081482,-0.6875038146972656,1.165894627571106
79986,-0.6773625612258911,-0.6843516230583191,1.1598814725875854
79996,-0.677503764629364,-0.6811076402664185,1.1537301540374756
80006,-0.6777577996253967,-0.6777729392051697,1.1474344730377197
80016,-0.6781264543533325,-0.6743490695953369,1.1409869194030762
80026,-0.6786127686500549,-0.6708369851112366,1.1343872547149658
80036,-0.6792203187942505,-0.6672365069389343,1.1276453733444214
80046,-0.6799514889717102,-0.6635473966598511,1.1207698583602905
80056,-0.6809766292572021,-0.6599152684211731,1.1137529611587524
80066,-0.6824735999107361,-0.6564860939979553,1.1065794229507446
80076,-0.6844421625137329,-0.6532555818557739,1.099247932434082
80086,-0.6868788003921509,-0.6502203345298767,1.091762661933899
80096,-0.6613460779190063,-0.6619709730148315,1.0868887901306152
80106,-0.6627568602561951,-0.6602926254272461,1.0791524648666382
80116,-0.6626651883125305,-0.6588152647018433,1.0725847482681274
80126,-0.6647874116897583,-0.6574614644050598,1.0646493434906006
80136,-0.6772876381874084,-0.668756365776062,1.0930149555206299
80146,-0.6805368661880493,-0.6683594584465027,1.0861424207687378
80156,-0.6859971284866333,-0.6765958070755005,1.110970377922058
80166,-0.6896021962165833,-0.6769392490386963,1.1050469875335693
80176,-0.6930850744247437,-0.6841707229614258,1.1297968626022339
80186,-0.6967706680297852,-0.6850950717926025,1.124870777130127
80196,-0.6972624063491821,-0.6895893216133118,1.1446170806884766
80206,-0.7008235454559326,-0.6908751130104065,1.1405829191207886
80216,-0.704782247543335,-0.6924142837524414,1.1364283561706543
80226,-0.7091309428215027,-0.6942241191864014,1.1321461200714111
80236,-0.7138726711273193,-0.6963140964508057,1.1277319192886353
80246,-0.7190195322036743,-0.6986778974533081,1.123183012008667
80256,-0.7245785593986511,-0.7013055086135864,1.1184972524642944
80266,-0.7305477857589722,-0.7041909098625183,1.1136744022369385
80276,-0.736923336982727,-0.707328736782074,1.1087132692337036
80286,-0.7437011003494263,-0.7107180953025818,1.1036146879196167
80296,-0.7460182905197144,-0.7045619487762451,1.07745361328125
80306,-0.7535450458526611,-0.7079980969429016,1.0715755224227905
80316,-0.7598007917404175,-0.7033553123474121,1.0569696426391602
80326,-0.7681460380554199,-0.7069438099861145,1.0506181716918945
80336,-0.7768880128860474,-0.7107927799224854,1.0441386699676514
80346,-0.7860285639762878,-0.7149223685264587,1.0375415086746216
80357,-0.7174748182296753,-0.7189566493034363,1.2422994375228882
80366,-0.7174748182296753,-0.7189566493034363,1.2422994375228882
80377,-0.7135368585586548,-0.7168715000152588,1.2508171796798706
80386,-0.7135368585586548,-0.7168715000152588,1.2508171796798706
80396,-0.7173358201980591,-0.7180767059326172,1.2508084774017334
80406,-0.72242271900177,-0.7224696278572083,1.2507656812667847
80416,-0.7124596834182739,-0.717284083366394,1.2594718933105469
80426,-0.7178730368614197,-0.7218424081802368,1.2597228288650513
80436,-0.7235625386238098,-0.726589560508728,1.2598956823349
80446,-0.7295165061950684,-0.7315316796302795,1.2599879503250122
80457,-0.7177563905715942,-0.7229933738708496,1.2562899589538574
80466,-0.7239177227020264,-0.7280277013778687,1.2559725046157837
80476,-0.7186163067817688,-0.7233626842498779,1.2587260007858276
80488,-0.7161877155303955,-0.7139668464660645,1.248450756072998
80496,-0.719719648361206,-0.72259920835495,1.2476756572723389
80506,-0.7268319129943848,-0.7279233932495117,1.2466373443603516
80516,-0.7173493504524231,-0.7221137285232544,1.253904104232788
80526,-0.7248067259788513,-0.7275830507278442,1.2533565759658813
80536,-0.7245177626609802,-0.7191488742828369,1.245404601097107
80546,-0.7324588894844055,-0.7245649099349976,1.2443180084228516
80556,-0.7407076358795166,-0.7301371693611145,1.2431834936141968
80566,-0.7492707371711731,-0.7358788847923279,1.2419953346252441
80576,-0.721701979637146,-0.7262585759162903,1.2628870010375977
80586,-0.7292594909667969,-0.7316359877586365,1.263126254081726
80596,-0.7209283709526062,-0.7254947423934937,1.2656224966049194
80606,-0.7287757396697998,-0.7309246063232422,1.2660313844680786
80616,-0.7369327545166016,-0.7365432977676392,1.2663865089416504
80626,-0.7454032897949219,-0.7423623204231262,1.2666754722595215
80636,-0.7253583073616028,-0.7286458611488342,1.2723188400268555
80646,-0.733246386051178,-0.7339984178543091,1.273146152496338
80656,-0.7255756258964539,-0.7289139032363892,1.277084231376648
80666,-0.7335328459739685,-0.7342497110366821,1.2781459093093872
80676,-0.7417246699333191,-0.7397658228874207,1.279162883758545
80686,-0.7501347661018372,-0.7454509735107422,1.2801254987716675
80696,-0.7322716116905212,-0.7361955642700195,1.2914671897888184
80706,-0.7395907640457153,-0.7410804033279419,1.293274998664856
80716,-0.7335777282714844,-0.7338346242904663,1.2506463527679443
80726,-0.7265382409095764,-0.7124313712120056,1.2402563095092773
80736,-0.7272124886512756,-0.7231622338294983,1.2414731979370117
80746,-0.7258280515670776,-0.7104743123054504,1.2413983345031738
80756,-0.7258424162864685,-0.7214474678039551,1.2429440021514893
80768,-0.7103849649429321,-0.7137251496315002,1.2535035610198975
80776,-0.7163496613502502,-0.7174598574638367,1.2532457113265991
80786,-0.7225126624107361,-0.7213155031204224,1.2529569864273071
80796,-0.715971827507019,-0.7174057364463806,1.2542717456817627
80807,-0.7100098133087158,-0.7137760519981384,1.2549985647201538
80816,-0.7165706753730774,-0.7180064916610718,1.2544721364974976
80826,-0.7229729890823364,-0.7220498919487,1.2543236017227173
80836,-0.7272847890853882,-0.7264279127120972,1.2515255212783813
80848,-0.7117801308631897,-0.7153736352920532,1.2594908475875854
80856,-0.7179412245750427,-0.71933513879776,1.259716272354126
80866,-0.7243075966835022,-0.7234140038490295,1.259904146194458
80876,-0.7308760285377502,-0.7276131510734558,1.2600502967834473
80886,-0.7376448512077332,-0.7319360375404358,1.2601560354232788
80896,-0.7446106672286987,-0.7363901138305664,1.2602262496948242
80906,-0.7517698407173157,-0.7409782409667969,1.2602651119232178
80916,-0.7491974830627441,-0.7447560429573059,1.2455322742462158
80926,-0.756135106086731,-0.7496695518493652,1.2445647716522217
80936,-0.7593080401420593,-0.7546206116676331,1.237528681755066
80946,-0.7663442492485046,-0.7598844766616821,1.236081838607788
80956,-0.7735854387283325,-0.7653090953826904,1.2346031665802002
80966,-0.7810218334197998,-0.7708825469017029,1.2330912351608276
80976,-0.7886316776275635,-0.7765939235687256,1.2315434217453003
80986,-0.796396791934967,-0.7824336290359497,1.2299606800079346
80996,-0.797161877155304,-0.78995281457901,1.217581033706665
81006,-0.7328788042068481,-0.728726327419281,1.2576894760131836
81016,-0.7322588562965393,-0.7309790253639221,1.2522962093353271
81026,-0.7155911326408386,-0.7179141640663147,1.2595964670181274
81036,-0.7164075970649719,-0.7191432118415833,1.2566953897476196
